﻿_id,name
318d3243-2775-43ca-9ce8-52b79bb0e9cb,Saint Joan
cdeb2430-4920-4648-9b04-2fb1093a4f84,Death at a Funeral
c2205631-7cfe-4ba1-b9c7-4c13ab9f39e3,Li'l Quinquin
2af50665-0005-42c0-bb5d-87e24e2385d7,Between Two Worlds
daeb9b73-d9dd-4084-a1f6-fd224b315e9b,Implanted
ef40f9bc-36d2-4083-b369-6e5e3054f05c,"Velvet Vampire, The"
66a4d82b-2dee-484a-8a71-77fe95a27277,Primeval
5d74df06-34bd-4e37-9a8b-f05d60467235,Knights of Bloodsteel
f3cd7155-fdc6-4018-8065-9e0c4f6c510a,In the Park
54e1cc32-6625-4163-9a60-3de0cb16d98d,"Cat and the Canary, The"
50776682-0887-41dc-8aad-2f61040a339e,European Vacation (aka National Lampoon's European Vacation)
79f278aa-d8fd-42d9-8bb1-ebcc7c1c94d2,Superhero Movie
feef7125-47fb-4ae3-af58-53d781305d9d,Maiden's Cheek (To xylo vgike apo ton Paradeiso)
c18a4c0f-a825-46da-a902-387b68fe9d0d,"When Time Ran Out... (Day the World Ended, The)"
9acc2be4-78a4-4949-85d7-99c38267e567,"Dreamlife of Angels, The (Vie rÃªvÃ©e des anges, La)"
d1c1f980-4068-42c6-8c3d-b67ea24eea15,Eden
f076bb25-fac2-488e-b022-86d0ca50154a,Eight Men Out
029dbae1-e587-4a9e-bfc9-32e8c99bbee2,"Dernier Combat, Le (Last Battle, The)"
3b8fcdb4-75ad-47e4-8bc8-cf8d462b8a10,Downtown
f72554ac-d80c-4872-b857-dbf784361ae2,Upswing (Nousukausi)
ab6b9a79-a0b9-4d1b-ac94-39743be80c97,Mrs. Winterbourne
869bffc5-1e17-4937-b931-70e4c9964f6e,Spring Forward
d2f6d766-3b2d-4abd-a0b0-adbcae3ea1b2,Sita Sings the Blues
f0b19833-ee7c-4827-b7b3-7f0e9a000c55,Going the Distance
0a2cc1d5-61af-4327-bab6-d9bd1768d2de,I Am Legend
dec2d462-053e-4e7b-b028-c3831195e1e0,Big Bad Wolves
bcd4f72c-69c7-4009-b3f1-e99af8bc8fde,Borrowed Hearts (Borrowed Hearts: A Holiday Romance)
fdf0223c-ee99-4861-93c7-179993b3d95e,Empire of Silver (Bai yin di guo)
b349a5d0-abe3-4623-a43f-54f6ccccd3a2,Ashik Kerib
bc29ea38-5e52-481f-bc3b-b01c2a9523fb,The Damned
4f4091f8-e5b7-4cc0-859d-a3af5f73dd95,Mrs. Winterbourne
b669aff4-a96a-4cda-9a78-ca9c62020f04,Miss Zombie
380dbdb3-0ed5-4394-9b3e-c4c32bff8271,Burning Blue
c4d4aade-3f0b-465a-ac05-d501275a5bc2,Masterminds
2f3ef31a-b0a8-4477-8030-515e697cb234,Iris
a10813ac-ce15-4c21-974b-f4b37dfc76cc,"Anniversary Party, The"
35c9ce73-6c95-45e5-a7a1-543749498439,Bloodbrothers
8355338e-e703-467d-b3bf-51ced12f357e,"Mask of Dimitrios, The"
74437b81-1b93-4cd1-bb29-6caf4ae75585,Age of Uprising: The Legend of Michael Kohlhaas (Michael Kohlhaas)
323d9e09-2b68-4c50-982a-302b9b487010,Days of Wine and Roses
2e9e0cae-554d-4ef0-9827-07489840d233,Outside Providence
75b1eb9f-9d29-400a-880f-af3a33c439a2,"Case of the Whitechapel Vampire, The"
261bf396-06ba-4701-aae9-d34f63f12dd0,Evil (Ondskan)
f82e00d9-2ab0-4558-b848-be33d89eb102,Places in the Heart
45739f22-737e-480c-915a-b5ee4d58e11d,"Harvest/La Cosecha, The"
5752dbcf-0c38-42ac-beb6-099f02117eb3,Gold Diggers: The Secret of Bear Mountain
38f16a65-ff0b-4894-8204-30ce8331bbfe,10 Rillington Place
7b7d2776-b35a-462e-bdb6-1623fd451864,Better Living
0abb4b4e-4a4e-4ce0-9e67-cf6feaa5490a,Rogue Cop
300ae553-dfcd-485e-9caf-b8cc5b56e02c,Uptown Saturday Night
47ad6362-a4be-4184-93f4-0630e0edfb60,"Prince of Egypt, The"
bc0270f7-1380-446b-9d95-7ffab48493b7,"Confessor, The (a.k.a. The Good Shepherd)"
cd2dfdfe-56fa-4063-a8df-ce0fa9d8123a,Disturbing Behavior
7780c75f-7016-4fed-8563-d9924adb4d97,"Light Bulb Conspiracy, The"
6b79c4ba-bc80-4d01-99c0-ee621f38d32c,Away from Her
9e82fe6d-887d-4851-b111-d295fca92aa9,King of the Jungle
c730e821-57ab-46d0-8117-d6c2b2a459d9,Virgin Territory
4d065362-9b94-4c63-9d16-e8de0d98f82e,"Yours, Mine and Ours"
11283863-6d59-4f47-8413-7e1212ad5848,"Ghost Writer, The"
a8f8daff-9d1c-4512-84e0-9ab0a2db67f5,Lesson Plan 
d26c412d-f063-4f3b-9dd2-3da072f23ca0,Lianna
59d12925-f8dc-480a-84f4-2b7523e1b1e4,Bullet
57393283-9a0c-4de1-8248-e8dc6506ea22,MirrorMask
4b221635-4f07-4e59-8c20-8fa85f6e6224,Carla's Song
280374fa-c9c5-4be5-962c-bdc6b26afe54,The Improv: 50 Years Behind the Brick Wall
d23d995f-3449-444e-87db-7abda6bbf5b3,"Sticky Fingers of Time, The"
e864b45d-c569-4192-bfd0-0b76fdeb23e6,"Feuerzangenbowle, Die"
656b7464-1ba0-4a93-aa8e-0a4b103c7bf2,Orchestra Wives
626ad043-578f-41f1-8cf9-658d60cffafb,"Fourth State, The (Die vierte Macht)"
5431435f-55cb-4d37-ac65-e099db96fd9a,Harry Potter and the Deathly Hallows: Part 1
c25ea753-edbf-495f-92a2-7467b7f861da,"Snows of Kilimanjaro, The"
dc537462-abea-46b5-9ee0-4d1021bbd38e,Dancemaker
73d6bff3-01cc-4d8d-b452-6b4e593598ba,101 Dalmatians (One Hundred and One Dalmatians)
f9f7fded-2a4b-4642-bcee-a911480a0c18,TuÂ£sday
6cbca98a-f772-4139-8448-b121d637953d,The Case of the Scorpion's Tail
fd1ce5da-fca6-4e57-b9f4-61411bc801e0,"Perfect Holiday, The"
4de2341b-69a0-4e4a-9ef6-237363949b22,Anne of the Thousand Days
0a3b72ba-c7c2-4872-ab04-d6457e808c99,Downtown
3e6f7b30-d497-4b5c-8be1-ff79bfee7aa2,Critters 2: The Main Course
01d52848-35cb-42b8-841c-bba317db5bad,White Lightning
67840de2-b94e-4832-978e-0e675c5eda7c,Sun Wind (Aurinkotuuli)
110d9d5b-3c67-44db-bdc0-5d844884bfa7,Jamilya
3a3c83a5-5a9b-4349-a0ca-54091edd08b4,Bean
48d198d7-071e-484b-b537-36009aa0b56e,"Trans-Atlantic Tunnel (Tunnel, The)"
78b6ef4e-b12f-4a23-9808-633e17f45483,Buster Keaton: A Hard Act to Follow
c6a2ab86-7f95-433b-bffd-23206d2bce3e,Camino
702a4eea-9517-4ddd-bc8a-f320ff2f284f,Trailer Park Boys
638d04f9-f6d3-4b96-85ec-dbdfe00488d6,Atrocious
dc18c9ff-8d97-4f3a-a7e7-b5fd029bdd14,Amira & Sam
ed864dbd-6e10-4000-8fa2-f60027d25a26,Iraq for Sale: The War Profiteers
bfe18d60-d9cf-4d86-9122-e1c97abb114b,Last Chance
644c43d2-43fe-4fe1-a98b-385ec97e0a3f,Barocco
e770b7d0-b147-4453-9fa4-094546b37ed2,Noah
33e1e846-cbde-4ee0-ba1b-8389789fc0b5,Cirque du Soleil: Dralion
d0d95b17-cbb8-44eb-9862-516f179f9444,Lemonade Joe (LimonÃ¡dovÃ½ Joe aneb KonskÃ¡ opera)
860e0834-0d86-479b-8f8e-32a8ccf0d356,Tidal Wave
8a2c9f30-be13-4014-b175-68d138316880,Thirteen Women
d940a8e6-b977-4cbb-9972-02995710b730,Kings of Pastry (Les rois de la pÃ¢tisserie)
63c82f47-8cf8-454d-ae8b-3fd494172f05,Inseparable
b813624c-6e8d-4127-9517-4a2c52787365,96 Minutes 
a554dfb6-5636-40d6-a65d-2971817f2f9b,From the Earth to the Moon
149b7496-32b4-4a5f-97de-2fed88e2f4ee,Those Magnificent Men in Their Flying Machines
296cfb53-e5a8-48bf-9cc1-65676195177f,"Cougars, Inc."
2fc9300f-8456-44fd-9833-583ccea3aba3,Cocoon: The Return
d179ba2e-ad29-48b9-9fc9-4a7dc7022435,"Goddess of 1967, The"
e43209b8-ffd5-40a1-96cd-1445efe122cb,Elephant
a423ac79-0f88-4c52-bef5-342ab880a8e6,Young at Heart
1411d458-951a-4c56-a3be-3b8f65f1d6f9,Zerophilia
2f866a8a-6083-4755-9e22-873b6a9005d8,I Love You Again
d6de52bf-1e56-4364-b3c2-993f3d748ea7,Tokyo.Sora
80e63a19-bd2b-462e-99fd-f8cead96b993,Miami Blues
4f63fb76-131c-4815-a8c5-c7bafe3c0ad5,"Small Town, The (a.k.a. The Town) (Kasaba)"
f7193b95-8c8a-4744-934d-6af6068fd0dc,Strange Invaders
0519816e-4e61-4b34-9554-cbdf0e206336,"Koumiko Mystery, The (MystÃ¨re Koumiko, Le)"
2ce0b226-e12c-4a6b-bdbb-0d189727509c,Fear[s] of the Dark (Peur[s] du noir)
c84d45af-3b52-4315-929f-eb397b52340a,Batman Forever
9c52b137-8028-4bf6-9468-2cf4d3699419,CJ7 (Cheung Gong 7 hou)
9e28ba7a-8bdd-4228-93d4-fe8edeb1260e,Murders in the Zoo
705816d9-76d9-421e-bb41-6b06ff5050ab,Directed by John Ford
a2ec798d-fad8-403a-96e7-3bd4e49afe8d,Changeling
68845825-ce58-4ef5-a2af-4ba216334032,Pekko ja unissakÃ¤velijÃ¤
11c17ec0-0a94-4133-bbef-c5406501c0b8,Laurence Anyways
606f872a-3bba-403d-8988-7a54d260ee43,Robot Carnival (Roboto kÃ¢nibauru)
ffbd6d2b-6766-4200-992c-7fe1ca74a1c2,Murder on the Orient Express
e1928d8f-013d-4f55-9157-8475b35c4b79,PressPausePlay
4394da81-1305-41b5-bed2-ac619348692d,Child's Play 2
14d000f4-9c14-4afd-8c6e-52fe4cc78c7c,Afstiros katallilo
66d358fa-151f-400f-bf74-8805c471a834,Queen - Rock Montreal
83053dcf-c982-4f2f-a973-446c01c39d9c,Inescapable
f29ede2c-be5e-4038-bd79-7081909e513a,If I Were King
84a25904-f56e-4d91-8827-05718cf598bf,Burnt Money (Plata Quemada)
c751122d-bbc5-4c93-baa4-08266f02f2b7,100 Feet
a3a7320e-4be4-4107-a4e9-ee5e691e12d0,Benigni
6fe1d7a0-fb78-456a-a5ed-61bf749227e6,La SoufriÃ¨re - Warten auf eine unausweichliche Katastrophe
932050ef-79a6-444b-a349-0989acd08a7b,National Lampoon's Lady Killers (National Lampoon's Gold Diggers)
b3393244-acca-41e0-80c9-237aca3d41e3,One Piece Film: Strong World
ce057996-813d-4d3e-801a-ba684338c111,Atomic Rulers of the World
84a1350d-4961-4d8b-9e3a-7a17d22f10a7,The Pool Boys
5d05cf1f-8e6e-45d6-9778-60ffc1d60860,"Nightmare City (a.k.a. City of the Walking Dead) (a.k.a. InvasiÃ³n de los zombies atÃ³micos, La) (Incubo sulla cittÃ  contaminata)"
a0ecb144-5b0c-48e7-878a-24934e8f85c5,Pandora's Box
a9e514bc-b610-49a0-9b4c-25583ba55784,Dorian Blues
d6a56794-37ec-433b-80aa-4998755db089,"3 Penny Opera, The (Threepenny Opera, The) (3 Groschen-Oper, Die)"
9101af7d-a70e-4b33-b94a-9da5a4e2813a,Revolution OS
61d13cb1-65d5-4baa-92b7-930c3e6b680b,Trust Me
4a1e1ecc-e027-44b1-970f-4f8b2c9b4eeb,"Acadia Acadia?!? (L'acadie, l'Acadie)"
c861af53-38d6-42a5-8a22-81c0caa27243,Shooter
b33a8e7d-21fe-4c03-a957-a9eb189b2d0d,Moscow Laughs
2eb9fc56-3dbb-478c-9239-2074f74a538b,Grace of Monaco
f73229c6-90be-4efd-871c-b5dbb624e8da,"Pursuit of Unhappiness, The (Anleitung zum UnglÃ¼cklichsein)"
9431ea5e-673f-4de7-84ca-b314b7bbe006,Dirty Dancing: Havana Nights
0f132c4c-a000-4005-8cbb-31ed474561ac,The Brides of Fu Manchu
32ddbd32-a0fd-449b-9003-5866aaae8bfe,"Musketeer, The"
fe11f2df-7188-4a90-b1e0-ac2c192ce40f,Show People
d067008a-1800-4320-8dd0-43bc8b8592e6,"Loved One, The"
0ee460eb-c85b-4f9b-96f1-56edd6c6be5f,Side Effects
06f32373-d0dc-4e63-8693-faba04bb146e,Blind Date
e21639ae-3a26-430f-8db3-3a975e3b4c15,Look Who's Talking Now
e24de2e9-0a15-465f-b37c-539f8e99c96b,They Call Me Mister Tibbs!
85f54ee3-272d-45e0-afdb-cb2941b55fbb,The Casino Murder Case
af76da7d-f9ea-4daa-a674-73ad814507b3,Rat Pfink a Boo Boo
8811d894-5400-4812-bf26-f3d08e75c65a,"Blind Swordsman: Zatoichi, The (ZatÃ´ichi)"
2062f323-dea3-4a06-bc90-19a633d50a84,"Truth About Love, The"
34b9c278-2263-433b-b0d3-b0a43465b01b,"Sting II, The"
c4b3ed73-ca3a-4e63-b709-c96837c0bcc8,Black Rock
898a86bc-73aa-440b-b921-73e333efc0d1,"Dream of Light (a.k.a. Quince Tree Sun, The) (Sol del membrillo, El)"
e2151593-670d-4130-9cf8-ece8f8b21e2a,Just Add Water
ef54758a-b036-451e-ad3d-ced72999261f,Big Eden
4373823b-ab8b-454c-b875-a99e6d80346d,To Encourage the Others
50b4b3da-cf26-43e0-91ac-0826fab554c9,Conspiracy Theory
5ff8b36d-8ae6-49ae-8b0d-b8c84ef8eada,Antisocial
1baf0c8a-d86d-47dd-8b6c-a313284bb520,"Prophet, the Gold and the Transylvanians, The (Profetul, aurul si Ardelenii)"
199ed5cf-7d9d-478c-b867-a416ca81971b,Bad Santa
f37329ad-3ce3-49df-9aa7-d566657faf5a,"Wool Cap, The"
9a07c32d-ec3e-405c-9707-41e676b0eabd,"Calling, The"
1c0f51c0-4abd-4e5e-8117-a43875d805d6,Malice N Wonderland
125ad43b-6f22-418f-b08e-5654684164a6,The Oscar
622647aa-cb02-454c-8bb4-79555c4a64b6,Eat Sleep Die (Ã„ta sova dÃ¶)
1c115e09-e5be-4854-be96-4d3604d0c9ea,Penitentiary
0ae15ce6-7f51-48e3-b495-6c2af91517b4,"Fort Apache, the Bronx"
f1d164d8-eed8-4903-8f95-91b5f82c02a7,Ladrones
9fc9fc27-2216-40ec-945a-2e80361dd683,Grizzly Man
f45197d2-01bf-4dad-b158-685f0ab9ec8c,Attack of the Puppet People
6c1ee0fe-b7be-48e1-87b2-763e27a995e9,What Lies Beneath
552c23a0-183f-40ff-9b8f-dc098421a44b,Vengeance Can Wait
8c126c8a-1b71-43c0-9e5e-a586470135b0,Disaster L.A.
1296c213-0958-424c-a8ae-10a813c91bd8,"Island of Dr. Moreau, The"
45978028-ace4-4423-bd82-f8eeb01c870c,Snow Flower and the Secret Fan
8d0f21e5-97a7-4113-b96b-8e6e9c646d94,Tokyo Zombie (TÃ´kyÃ´ zonbi)
60f9f2c7-c1f5-40fe-b102-b271818eb866,Valerie
f1e076cb-a01f-432a-80ea-bf6d6a1de354,"Thirteenth Floor, The"
2c9899c7-dbd7-4551-a41c-ab6207b7c7fe,"Ebola Syndrome, The (Yi boh laai beng duk)"
0f8831bc-ec7a-4b0b-a502-27b9124e34b3,Sexual Predator
c650426e-b016-471b-88e6-8cbf9f201f86,Through and Through (Na wylot)
31b0aa57-b98d-4607-9b5c-0a1496c3e571,Queen of Montreuil
f4e3b2bc-1049-4006-90f9-3aa4fee4fd8e,The (Dead Mothers) Club
9cdc9c20-9ce8-4c90-bbda-d9b90cc48fe3,Are All Men Pedophiles
ce006e91-ba7e-46c1-a529-f99718a943fb,Julian Po
88802d79-d83f-40d9-9447-191e6dd7de9d,Wicker Park
9dec6601-0a20-4e12-a031-2ba7ecd4798b,Change of Habit
1567ea86-9be1-410c-8c1f-6ae2ea8e7540,Creature from the Haunted Sea
8e836218-a0dc-4835-85d7-c5678cabcd09,Scooby-Doo! The Mystery Begins
fcf37097-d2f9-4fde-afea-7cac1c1c094b,"Day's Pleasure, A (Ford Story, A)"
23253ea9-93e9-4161-9f2e-9c481abaa50b,"Trouble with Harry, The"
09dbdcc3-96a9-4868-8e57-e313aa0062f7,"Wonderful World of the Brothers Grimm, The"
ef162bce-ced6-4b74-858d-21e7bad355f0,Hunky Dory
3ceb7945-43a3-4a2c-adfe-40809ab1e0af,"Benny Goodman Story, The"
90183c35-dcfe-4150-9804-7c1d0071a97a,Go for Broke!
3aba0681-a91b-455c-b06f-d0e3ad04c3f4,Castle Keep
212cf0c3-4c29-43d4-a79f-f1e92b1f3939,Robots
1dcf56d0-5255-4f85-9ed0-d6fcfc24ede2,"Experience, The (Tadjrebeh)"
9b18e1be-e13b-4ccd-b2df-9a88a52c7a7c,Intimate Enemies (L'ennemi intime)
ba6e1b6c-6d64-4f76-b6fc-a3c1d40e1f1d,In Praise of Love (Ã‰loge de l'amour)
6c61cbe3-6e99-41a8-ab4b-33104da6ba9d,"Boynton Beach Bereavement Club, The"
ee992850-170e-4d27-854b-95d406bb0f49,Megan Is Missing
ed93c965-d2ea-4129-ae0a-98921569d0ea,"Crying Game, The"
82a78c40-2f17-4cf4-bc4b-b16f06192154,"Black Stallion Returns, The"
95603ce8-e579-42f1-855f-6537b096741e,"Pure Formality, A (Pura formalitÃ , Una)"
7a753082-aa00-47af-b9d1-52feed395fbb,Every Man for Himself (Slow Motion) (Sauve qui peut (la vie))
c5a55af8-8ad4-4a1e-89fd-abb3ef8ad873,Two Years at Sea
c420b919-bb40-4959-aa7c-8d358a5d5ce2,Cornered
276b08a3-52c5-4e25-94dd-26209af91d20,"Charter Trip, The (a.k.a. Package Tour, The) (SÃ¤llskapsresan)"
33b3d442-9cb9-4870-8bac-771d3bd6eab7,Go Tigers!
3dc5cb5d-fda7-427b-a64b-aa5fa9464f4d,Des gens qui s'embrassent
279432f1-f571-4fe4-aab1-4eee0f9dc5b1,Personal Effects
0b851803-3cc2-42cb-b39c-f8cb533c259e,"Merry Widow, The"
010e4654-1a44-4620-96ca-492697c77e34,Elvis Meets Nixon
c892c07c-d424-49a5-9058-d20b35fc9393,Anna Karenina
67f7b859-dc6f-4f17-a7c6-68d8909af44f,Bloody Pit of Horror (Il boia scarlatto) (Virgins for the Hangman)
6e837cbf-96da-4fe1-a88d-f6b4a354705a,Turn the River
62644569-e2f2-42b0-9387-372dcf0808f8,Planet of the Vampires (Terrore nello spazio)
14256cf0-0294-451f-bcae-98ab741fe045,"Great Bank Hoax, The"
aa6b09bb-c9e1-4566-9f7c-a37dc837400a,"Miser, The (L'avare)"
9798633c-4815-4469-8a8f-ab56aeccf3c9,Abbott and Costello Meet the Invisible Man
3230e540-32a1-4781-8e5e-e9215a4cc35e,American Heist
eefa59da-3c01-48ba-9638-22ddc738df2c,Wicked
06170f3a-7e42-43eb-a78d-924fd245ab0e,Seoul Searching
6f44d66e-65ba-46cd-9740-197c92e5e85b,Sabah
617f9dab-0b49-477d-8b3c-0debdf8b5cef,Swastika
40e6cb5e-d278-4258-a991-5bcc313bfc3a,13B
6704a3a8-50c5-41a4-a85c-27034c5fca04,"Grifters, The"
25096a38-9429-44c5-a169-2e6454d2e8b1,Only the Strong
3fd17ca9-16c4-44d8-a55f-6b12443a8da2,"Hurricane, The"
1a2b6958-12ed-49df-be9f-f7d60a5606a5,Ring of Darkness
192bb239-0ec8-4d46-b082-f9bca3add4f4,"Brain That Wouldn't Die, The"
c2ab261f-83dd-43e8-ac62-e5dbf8e3316e,After Five in the Jungle (Nach FÃ¼nf im Urwald)
9acb594e-13c8-4f6f-a169-0c1c55a2d118,"Golden Child, The"
38a543fb-e2f3-4df9-aaee-8c770f475331,"Young and the Dead, The"
58a5f992-46b0-460e-a080-fa77aeef1eba,Crime of Passion
b8b68711-34ac-47e7-886f-f0d3597ad13f,MoliÃ¨re
e86fe722-d9b3-4037-9954-39eb5fcc0958,Godzilla vs. Biollante (Gojira vs. Biorante) 
7ad8bd43-68c2-41d3-a6f7-4454c22f06f8,Tony
7e6c7f6b-0486-41b3-9840-5a7ffc4cbf99,Empire of Passion (a.k.a. In the Realm of Passion) (a.k.a. Phantom Love) (Ai No Borei)
c1d7265f-92a6-4de6-9f90-354ade10b250,"Era of Vampires, The"
534d7a42-1217-495a-9491-c1e20adb2f8a,"That Night in Varennes (Nuit de Varennes, La)"
2b32b4ec-0c70-4801-8c8c-5921dbcc1c39,Assisted Living
a8f96e6f-e929-42c6-9d09-674a4b84c138,Saving Santa
d9527a41-af1e-4bbe-bbb3-c0bf924ab573,The King and Four Queens
7ca1f39b-8192-432b-ab62-f038391bed63,"Far Country, The"
653efa11-a855-47d1-896f-b456e7b4358c,"Patriots, The (Patriotes, Les)"
db108a55-291d-4347-9f1d-8bfcd7c3f28d,Franklyn
d05985eb-3892-435d-9f4e-a6c550e09e82,Amish Grace
250ccdc4-b44d-4b54-8b0d-32467bb8a101,Poultrygeist: Night of the Chicken Dead
2c93ebe1-12c4-42e9-aa03-617c98c8de90,The .44 Specialist
4ff4d51c-193c-40cf-9951-7365b9ca09d0,Five Easy Pieces
9eb4e3b2-2635-4b3d-a11b-e74cafad2a2c,Big Man Japan (Dai-Nihonjin)
38be0b11-dab6-4108-b6e7-edeb3204d651,Matilda
d5fd4dbb-88d9-45e5-8577-0e9bfea03ce6,Lady Killer
e9cf875a-0024-4c4f-8f6a-f56fa6cf3b92,Boyhood
a917cd4e-07e2-4d0d-b2a4-362733063c91,"Living Sea, The"
69f3e52d-20ea-438f-8e15-3af046d4358b,Latitude Zero (Ido zero daisakusen)
9c201e5d-950c-474d-97a1-6c188be7a63d,"Way, The"
1ffc8797-dc1e-404e-9a63-721634947203,Stevie Nicks: Live at Red Rocks
557e8917-adac-450a-844f-02fcde5ba7f9,The Periwig-Maker
5c12be1e-59fd-4725-8a6c-324fc19d38c2,"White Dwarf, The (Valkoinen kÃ¤Ã¤piÃ¶)"
7a60c85a-e5e3-4c69-a54d-40cb6cf98144,"Color of Paradise, The (Rang-e khoda)"
3d1cfbdf-97e3-4447-87bd-0b731c708fbb,Johnny 100 Pesos (Johnny cien pesos)
17770709-9767-405e-9066-ee3e51b92da2,Tenchi: The Samurai Astronomer
eae914b7-681a-4102-a4c3-4834c1131c73,"Thrill of It All, The"
3a455070-df35-4fc7-beeb-ca571a81a0a7,Werewolves on Wheels
ba8df72e-a537-4732-8314-1a46606f86d9,Along Came Jones
cea399ee-2ab8-46a4-a770-434616992fed,American Kickboxer (American Kickboxer 1)
d3d4fe28-25c4-4f34-b46c-985b0721d492,Sabotage
ff845afe-c253-4312-8c98-85a40aa53af8,"Three Musketeers, The"
43c838af-d609-48dc-9d6f-1aebf9371ff8,"Wedding in Blood (Noces rouges, Les)"
477d6959-7522-4c08-9053-5755e607807b,Ticker
1c59b91d-1964-42cf-b03f-cf7fc9eb8224,Anne of the Thousand Days
96cb4a31-fa80-4c00-b265-3a3a0c228b5b,Quatermass 2 (Enemy from Space)
4bad5477-ed82-4963-adb9-1612101e8053,Stolen Kisses (Baisers volÃ©s)
56796143-5780-48fb-bf69-2a066b81cc7c,"Catechism Cataclysm, The"
a732028c-1efd-46ca-86d4-73c25a0edb48,Grass: A Nation's Battle for Life
0e62d51f-dae3-4cef-a682-214c1cc86741,Sam Peckinpah: Man of Iron
e65f4a4e-1f19-4a23-9b95-78d7a88edfc6,"Warrior and the Sorceress, The"
b8ceb7b9-2636-4ab0-89a6-879e0b77f6bf,42 Up
31513288-8c3a-488d-91a4-7fe1609eb9cd,G. I. Blues
6f80ceea-2000-484a-a629-12b05da8eae6,Starred Up
9efa9e68-140d-460b-b707-20b7c79370a7,"Strange Case of Dr. Jekyll and Miss Osbourne, The (Dr. Jekyll and His Women) (Docteur Jekyll et les femmes)"
c396eb51-0b53-406f-9fb2-1c72b6754334,Jungle Book
95ba68cb-295d-4dd2-870b-554159be0d7a,Stealing Harvard
e84c4183-c460-4c69-a47e-0b1d7de01a34,Am Ende eiens viel zu kurzen Tages (Death of a superhero)
144a324e-c8b8-4789-8d48-42f7afe87dd1,Confessions (Kokuhaku)
3cb98127-1535-48e9-ad8b-be149cbe56d0,"Sea, The (HafiÃ°)"
0725b9f9-1d32-4b39-baf7-ce6b922509f0,Robin Williams: Weapons of Self Destruction
4783d0c4-a40f-4928-bccc-db7b8a602fdd,"Cool Ones, The"
10b84fda-3791-4f6d-9696-cde55f9472f8,The Monastery of Sendomir
0865d27f-8bb2-4a6c-b6f6-286b629ba354,"Red Bear, A (Un oso rojo)"
c8208e28-e92b-4656-a5ad-d2cc3af3fee5,Camp
2655c1b6-06db-4dc5-86dd-988671b98b90,"Song of Ceylon, The"
7e73c3b9-5b75-46b4-ad96-a066ed8fb46a,Strange Planet
831b3ee4-bced-4dd0-81a0-c70bab1b33b7,"Girl Can't Help It, The"
aacd381e-b6e4-4553-b8ee-18fac2e55d34,Let's Not Get Angry (Ne nous fÃ¢chons pas)
8aea7193-a037-41b7-889b-18d38affdcb8,Hobo with a Shotgun
141198cf-f559-49bc-8166-b50dbbae74c0,"Creeping Flesh, The"
457032eb-2915-45aa-8393-b6989f67d560,Phone Booth
a36d58f6-16bb-4761-8b23-295c02f636c9,I Never Sang for My Father
e6d710fa-4801-4cdb-a9ae-0a366c3b2a18,"Missing Star, The (La stella che non c'Ã¨)"
16ddc4d4-99bf-4ced-9525-909f6148b190,"Deadly Tower, The"
6e78c412-5a27-47b5-a836-da530d209353,Bandslam
8dec0be4-e479-4b5d-8aae-06693e0938ee,Rudolph the Red-Nosed Reindeer
4dd54e92-3340-43d6-ad7c-b4f5c5d6d72b,"Marathon Family, The (Maratonci Trce Pocasni Krug)"
155d59d3-7302-44f3-9909-fccf48162004,2 Guns
5a1c831b-bb82-40fa-8705-1663183922f4,The Periwig-Maker
be6f8c17-54e7-4391-b714-501c1b5a9716,Charlie Chan's Courage
bc034acf-e020-400e-894b-1260b7bbea4b,My Favorite Season
64441c3c-ad68-4218-8c56-bd6e33402f4f,Some Kind of Wonderful
7aa07df8-7524-4504-ad6c-5bc9d4e69dc1,Toe to Toe
9aedae7b-8fea-45d8-a3dd-2593e6475f2e,Monte Carlo
7468d85f-7495-496a-b8b8-3aef95c5a3d6,Who Killed Vincent Chin?
b606c3ce-a29c-4146-8f4a-463195a3c9e0,Rabid
7390818d-ecde-4e2c-80ed-0040435dbe43,"Calcium Kid, The"
bfbbad21-89e0-4599-aaab-1dd368f5ae81,"Miracle of Marcelino, The (Marcelino pan y vino)"
2733218f-ea49-442d-bee7-9973b8d57513,"Quick and the Dead, The"
4ce504b7-89cf-4ebd-9b97-b8add9d7c2ea,Charlie Victor Romeo
55ecc3f4-0cf7-47f7-bcd9-086771ea3e79,"Tingler, The"
efd0bd6e-8e78-431a-8493-5a5536013f9a,Charlotte's Web 2: Wilbur's Great Adventure
33253001-93d0-4d41-a10d-e2f0c45619d2,Bedazzled
d6e1edf2-5e42-49ca-957d-c340df0e7c39,976-EVIL II
9391e9db-c1a4-49bc-b901-1b19e8a98b56,Nine Lives
700be345-dce4-4805-921a-a2a9f2cea588,Aliens
a278ceb5-5500-4a0e-9c70-5e6b127b09ef,"Raven, The"
dcb3d306-433f-4c90-964b-2c6d61d28e12,Samurai Banners (FÃ»rin kazan)
486b8377-c576-4ff5-92e8-6de20ee23754,"Blot, The"
30cfb57f-f0e2-44d0-badc-dc915542a1f4,101 Dalmatians
7c2b271a-ace1-460b-92a4-90b92a0863e8,Rain
69ab11c2-42f9-4033-a5f7-3f4bc0e9b65e,Breaking In
c5837513-e267-461c-9080-d4d274c56335,FearDotCom (a.k.a. Fear.com) (a.k.a. Fear Dot Com)
adca96c8-5bf7-42be-86f3-60ac63ef2c16,Dr. Seuss' The Lorax
1ce7fed8-c00b-4f18-8808-95fc36c1ec0a,Dancemaker
1ccb805a-d512-40a3-af3a-dad01899389b,Timerider: The Adventure of Lyle Swann
9a9a5d20-c798-4bd7-a012-b20d4d07b606,Mickey One
6b3279ed-b8f5-4ea8-a25d-d5ea0df0495f,"Night Walker, The"
8ffdaa5d-8e1f-416b-8643-4f1622565ba4,Kahlekuningas
9036ff7e-e258-4dd2-9064-5da767cbc2a3,Night Across the Street (La noche de enfrente)
508917a5-0bc5-4f67-a8eb-590eed57c373,Zipper
a9260f5b-9cc7-4c74-b2aa-e268fb1ed677,Broken Flowers
e9643c57-d469-427d-b3ba-a43d57055a05,Young Guns II
288f89f1-1e49-4fa0-8d57-ce1fa0136e51,Shanghai Dreams (Qing hong)
4fe36340-4e2c-4766-a3eb-f14ca61e826f,Jim Norton: Please Be Offended
80cce0e3-0d9d-4a3c-a0fe-cec74359bce6,American Soldiers
1f96a3ee-3e65-401c-add2-2e13f1ddf650,Rescue Dawn
059454a0-c0f1-4815-a4db-07a74df90e9d,Wheelmen
d0a1920d-bbae-4e93-a73a-6743be4b1316,Shut Up & Sing
7d75dcfb-8b31-4194-b179-34d29e75b870,"Cooler, The"
40bf0cb9-3bb8-4b8d-a875-cfb1fbf3417a,Chapter Two
e5f2cd1d-03f5-4822-8c5f-340a23cc3f91,Magic in the Moonlight
515d8ce2-d51e-4adf-8aec-e6e577e4803d,Love Actually
554b664a-d63c-4a18-8367-87b975c0aced,"Apple Dumpling Gang, The"
d4fdf489-3982-4117-b5be-df218d4225fa,Slipstream
c6ba274d-02c6-49f1-aa0a-46f1e8669dbb,The Amazing Spider-Man 2
4ce98431-749a-4396-adc3-4835072c8f6f,Sunshine State
5faa26ba-980d-4c02-95b4-4fc288dcd071,"Gore Gore Girls, The"
b5cceb49-7739-451e-b877-ce79d1b62d3b,Gagarin: First in Space
dc12b723-2423-4084-b549-4b75657a2701,"Kings of Summer, The"
500009f9-2371-482e-9e79-1a4d6e9de712,"Undefeated, The"
e2a45f03-283d-449b-a0d6-82f34e2dc150,Rough Magic
ae644c7b-7774-421c-a92c-26b6bacbf835,Out of It (La carapate)
30aafbfc-a309-4bbb-84c1-be67bab8ec4d,"Babymakers, The"
6a89c8ad-bc9b-4e72-a5a7-a3838a523fb0,Starter for 10
f25b6184-c379-4e1c-9900-f563f78da2e1,Mood Indigo (L'Ã©cume des jours)
eb871142-70ad-4457-bebb-bcda2224fb8f,"Center of the World, The"
7d5f2bd7-2ac3-4067-84cc-f2d7f21317aa,Finding Bliss
522299de-c9f3-47a0-881c-bde0e0c45660,"Mirror, The (Ayneh)"
177450cd-a78d-49ba-9d69-d09f4c0c5078,Zatoichi in Desperation (Shin ZatÃ´ichi monogatari: Oreta tsue) (ZatÃ´ichi 24)
155a28b6-13ff-4057-aa73-b8fe61bb69ee,Soldier of Orange (a.k.a. Survival Run) (Soldaat van Oranje)
39ba97b6-6a67-446d-8748-342bdd770841,The Fox & the Child
b1ffabaa-982c-4cf5-9ccc-9c67dcbc3894,Night Ambush (Ill Met by Moonlight)
95953770-b706-46cb-9266-fd2a05336cbe,Wild Guitar
3fcd6bcd-aae1-4267-af60-415d2575a482,Urban Cowboy
3f57ef2b-1533-4b80-9a03-dcccbabed0a7,"White Reindeer, The (Valkoinen peura)"
27cb0c10-52d9-4d8c-834d-baf668a4ccf7,"Last Supper, The"
e1716789-d7a1-4726-b024-26a05a0b48ee,Destroyer
4ae5c7e2-c569-41ad-9e60-1ef98bae37cd,Filthy Gorgeous: The Bob Guccione Story
c4f6f812-2e9f-4b25-b745-cac821d2aec6,Betsy's Wedding
ad8d3cc0-35c1-4f2c-bfde-32c216960f35,Rare Birds
6ab2b863-02c5-47d4-aabe-232648a62747,Paulie
73678284-5a41-4928-9920-3c1057259f0a,"Cool School, The"
ac79dd76-dfdd-4aeb-bc30-8490455ba030,"Petits ruisseaux, Les"
bb73be68-7d85-4c79-a27e-0810c186b7a5,"Fall of the House of Usher, The (House of Usher)"
68f7b5a9-c458-412f-80d8-240d3b369f08,Louis Theroux: Law & Disorder
558a17c7-9a3a-4ed4-92dc-1da33e69ad8a,Someone Else's America
7f493828-6703-4be5-af69-dec33ca9fa34,Brides of Dracula
7aff5e6f-145d-495f-b462-56a23ffe60de,Orange County
1507c897-52e3-43f8-8196-fc4b920410ad,Dimensions of Dialogue (Moznosti dialogu)
d0eb88c6-4a7b-4a8c-bea7-21ff8ef9a4e2,Summer Wars (SamÃ¢ wÃ´zu)
b59f31f9-86f2-4150-ac2b-9b4cfbbe68e9,Super Hero Party Clown
52ae1b20-048e-4ed6-b447-57186d7d73e6,Killjoy
958e0609-7c83-44bc-b38e-b64c9ec5f8fe,Wrong Turn at Tahoe
848c5ef1-5173-4f39-89cc-ec9bad9e6467,Love and Death
c08c8beb-a4d0-4480-b995-84140d84445b,Trapped in Paradise
b5f6ea5a-608a-41ae-ba65-bff41dac9c03,Seven Days in May
ab536ebb-3cc9-4390-915c-7474d9f9523b,"Barrens, The"
4786df93-f008-45d9-a8d5-6503ef1f1bfd,Inn of Evil (Inochi bÃ´ ni furÃ´)
1fb4f27a-0680-470e-811b-75b70114a58f,Attraction
7d982632-a9df-4641-9fc7-ad81132fa764,Wattstax
112794a5-aaf7-4283-9557-ed16e544b15e,Fanatics (Kulman pojat)
c40acffb-69fb-47f5-962e-be29fd50b00d,St Trinian's 2: The Legend of Fritton's Gold
d729a036-f859-47a0-824e-3b39275066fd,Rosie
1abfa480-f467-4b0a-b834-66495ddc3649,"400 Blows, The (Les quatre cents coups)"
8b0e0a6a-0467-4604-b415-069f2c11198a,Nowhere
e07b9073-7ce7-4a24-896c-d25248461714,Mystery (Fu cheng mi shi)
eccd849a-4fcd-45b7-bd16-4cf3831791fa,"Story of O, The (Histoire d'O)"
38297f16-d4b7-4901-9101-a39cd5eeafd4,White Fang 2: Myth of the White Wolf
e15b9629-2a1a-419a-a845-68e9a4236543,Mexican Hayride
a911c7ae-c15e-42ac-8f43-bc43b7b2763a,Pete Seeger: The Power of Song
c6baeb24-81fb-4538-8229-718eff6695fd,Hamlet Goes Business (Hamlet liikemaailmassa)
ed667b93-c75d-4e70-b0d5-22dc6c77c882,Deadgirl
fb00f7fe-c609-4f12-b9c2-3d0631610c9b,One Man Against the Organization
784e3917-08d4-4c24-9b86-99d56ac7c366,The Man Who Loved Yngve
bdd68e6e-5019-43c4-92d4-835c67af2823,Michael
b7cf60b1-d556-4cfc-b339-0a6a5dae3888,Santa Fe Trail
cea8b221-0125-4536-b7f1-301e4fdca519,Puzzlehead
a4dc446a-78f2-4632-a602-56bc2a462643,Out of the Past
1e2bf87e-e6e0-4a5a-905b-4039abc02456,Insidious
af7b891b-83d4-4416-a365-5d6cce74c3d1,"Party, The"
199c790f-becc-4994-ba25-55eb363752e8,Breaking the Silence: Truth and Lies in the War on Terror
da570a6e-8662-4629-9038-01b04d367ad7,Floating Clouds  (Ukigumo)
991ceb24-3891-412a-82d1-b2007d83b06f,"Seven Year Itch, The"
45e20450-bf12-4f9c-86e2-b346a9453c24,Felicity
74593f20-ba36-43ce-a979-153e7b1eb266,The 21 Carat Snatch
6307004b-8cfd-430a-9d5c-6f7fb54d7ea6,Kwik Stop
4812c2cf-c2ba-4a47-bef2-e2b87dadad71,Babel
8ecf0d45-e5f5-41f0-8755-eefd14acee19,"Last Lovecraft: Relic of Cthulhu, The"
af6fc1ab-2085-4b7c-b953-656e945c3322,Save Me
67ccf69b-6ab6-4803-a2a1-b66bd170f23e,Armour of God (Long xiong hu di)
daac608f-88ca-4193-9af9-9903fafd0f0a,Juno
4a69c91e-4012-4ca8-bcea-84fee28ffb6c,Charlie Chan's Secret
6b158748-2e47-48aa-9b37-ddf556d1ddf0,Vares: The Kiss of Evil (Vares - Pahan suudelma)
6c107f2b-9025-4fb4-b8e1-6d6de7c153b3,"New Land, The (Nybyggarna)"
744dc5d1-105d-4686-9bd4-442a059d6259,Beyond Therapy
fcb0b003-c392-4261-a5c6-79af77434e24,Blood and Black Lace (Sei donne per l'assassino)
314a7cb5-82ca-4eed-a153-6fd2dccfdb77,BlinkyTM
d43e6b69-33aa-41b5-9c40-c0d2775602db,"Mist, The"
0f53b8aa-aeee-450a-a0fe-4b0d17fb0946,Everybody's All-American
4980f12e-4a55-42a6-a5d1-4af8aff470e6,"Lion in Winter, The"
81ab21ae-9836-4dbc-b20c-b13ea7482dda,Desperate Living
638371f4-fad6-4ea5-8286-726adf9796a6,Final: The Rapture
290b7352-66e8-4294-aba2-f16e8ce7b6be,Kings Row
05edec24-68c8-4878-a7be-9be4d6bfcf0d,"Miracle of Bern, The (Wunder von Bern, Das)"
c22d8ccd-da43-42ca-b348-716097f1536d,"Dark Wind, The"
3ba0f8f7-d29e-4396-b4f0-701b4dabae44,Planet of the Vampires (Terrore nello spazio)
dd569461-3a02-4780-8fcc-53abbf483659,American Kickboxer 2 (American Kickboxer 2: To the Death)
6ad27180-fc83-48db-bf47-d39c98b6c338,French Cancan
44ad80c8-cc27-46e5-9f97-6142e069b78d,Badman's Country
f2c245ea-65f5-4f33-8bc3-d9c498e704d3,Haxan: Witchcraft Through the Ages (a.k.a. The Witches)
d0e050b2-9e7f-497f-adf1-3bda14e60192,Demonlover
99a31174-d6b7-453b-8c33-c9e91bd9f4f4,Gloria
656a3ee6-53e8-4196-a3be-20ef4e948391,"Replacement Killers, The"
e748b320-724a-4e6d-836e-75690f8dd08a,My Louisiana Sky
adfd32e9-0da5-437a-9ad5-2037222ab677,"Living Room of the Nation, The (Kansakunnan olohuone)"
0165a8f7-1cfe-45fc-9ae2-b21b504f10b5,Rhapsody in Blue
b5a1cfdc-29bb-4a16-8b57-0ce474e35650,Once
4d32c89a-c033-4a07-a881-0082648d3b23,Retroactive
ca595b5c-f3ce-43cf-8aae-338505d59219,Freeheld
d8f09678-e1d9-4e27-99d8-ba0cbd5c0d1d,Vizontele Tuuba
f0f6accd-44d9-4ac7-9476-87c4b5697e76,Millions
082fd45c-b8b0-46db-b7d0-72c6e06aedec,Death Proof
249f80cb-bd0c-4592-ae95-6ff5efbc9a5e,Marci X
8b0c2a50-3bc0-4125-9d31-ff3220d0480a,Ten Inch Hero
63f5b43b-a3a6-496a-a029-42d2d81d0d5c,"Castle of Cloads, The (Pilvilinna)"
b2355802-7b5f-4f84-b940-3a20d586377e,Lupin the 3rd
7d983cb4-36a4-4407-a290-72c0fc5eeadf,Another Woman
6dd928e2-7f47-468a-a7eb-62cb3badf1cd,Angels of the Universe (Englar alheimsins)
1c85b02e-fe26-4487-bee3-ada10266e049,Down to Earth
09bacd28-5cef-4668-a2b1-515650c41f14,Wall Street
aa806548-81d4-42e8-9fba-0709fc706cb2,My Son John
d5b73f98-1330-4f27-802a-b79afa3d27ec,Uncle Nino
ea6110f1-7562-471c-b66d-cbc858c4faa8,Sharknado 2: The Second One
ab1140d6-f232-41a6-9a35-05a73b204d56,Stander
96a00799-8a62-4129-8d00-cb3d20556d8e,"Pretty Village, Pretty Flame (Lepa sela lepo gore)"
89262dfa-e291-4383-b665-757afbb211aa,The Flower in His Mouth
bdc53e32-e83e-422b-ac3e-c7c6d76ab73f,My Baby's Daddy
e918f7f9-d58d-419a-9730-db75a094060b,We're Not Dressing
ef08ad75-7b76-44ba-bc5a-0ef764e893d5,The Disappeared
da73f7fb-7693-4c85-83cc-c9e1339d6dbf,Cet amour-lÃ 
bcde0694-9e0a-45d1-a20d-020867a43ef6,"Last Warrior, The (Last Patrol, The)"
2fab082a-2d82-450d-95e1-e14663b514c0,Vinyan
ca5fb460-0253-45da-8026-03da00bfeac6,Fantasia 2000
60d37f5f-e8d1-4368-9f96-6238b6549c1e,Trailer Park Boys: Countdown to Liquor Day
8e776133-031e-4746-9a11-5fc8ea147c71,Sunless (Sans Soleil)
3aa3f374-331a-4827-87cd-7445b5e00c19,Don Quixote (Don Quijote de Orson Welles)
dca25077-62b4-4fcf-8c87-8ba18f0c1c56,To Catch a Thief
