editionid,conferenceid
4e706ffb-754b-4a22-93e3-92ef92cce08d,84a25904-f56e-4d91-8827-05718cf598bf
43a429cc-4387-4337-96d5-b3970a47a7c3,bdd68e6e-5019-43c4-92d4-835c67af2823
ba9c8b8e-2918-4d31-a056-cd04478ccf9d,95953770-b706-46cb-9266-fd2a05336cbe
8346212a-80c1-45fd-8aae-9e0ffe70a931,0519816e-4e61-4b34-9554-cbdf0e206336
eb1ac07a-32fe-4383-98f5-10961d3c8732,212cf0c3-4c29-43d4-a79f-f1e92b1f3939
0aef2a30-64c3-44fd-bc6e-8ee0347c51d4,17770709-9767-405e-9066-ee3e51b92da2
fd6c8338-4044-4c70-845c-eb98c050f448,d0e050b2-9e7f-497f-adf1-3bda14e60192
de06c103-05a5-4f53-872a-b1bdc73e6f0b,eae914b7-681a-4102-a4c3-4834c1131c73
1e292fba-ac83-4386-b37e-a7d84fdded8e,da570a6e-8662-4629-9038-01b04d367ad7
f6fa56dc-eb87-4703-8ed9-19c3c9c5f260,fd1ce5da-fca6-4e57-b9f4-61411bc801e0
33dc8048-29d4-4884-93c0-edcf5f0ed3a6,3aba0681-a91b-455c-b06f-d0e3ad04c3f4
19b287d2-e85d-4153-981c-cfe65ce4ddb3,2eb9fc56-3dbb-478c-9239-2074f74a538b
33bb4c34-0237-4997-8e63-b192348156b4,ed864dbd-6e10-4000-8fa2-f60027d25a26
0abe28c9-d01d-4326-8bda-56a1279cd562,50b4b3da-cf26-43e0-91ac-0826fab554c9
5c5b1ce6-8aa9-498e-b035-ca14a134a1f5,be6f8c17-54e7-4391-b714-501c1b5a9716
e33cdbeb-6401-4e74-8347-596bc68e326a,7e6c7f6b-0486-41b3-9840-5a7ffc4cbf99
f29f5b4a-70c7-4d65-9843-d74d52700ada,110d9d5b-3c67-44db-bdc0-5d844884bfa7
5c569422-ebb2-4166-93bb-96baaa19125c,c650426e-b016-471b-88e6-8cbf9f201f86
27614362-00d2-42bd-94c1-965fe2ba5267,457032eb-2915-45aa-8393-b6989f67d560
2aa0fa13-936e-45b3-a45b-19ff6ba105f1,860e0834-0d86-479b-8f8e-32a8ccf0d356
ab8338c1-9a1c-4489-8505-59b8efdfe310,b8ceb7b9-2636-4ab0-89a6-879e0b77f6bf
861121b2-139b-4a56-9add-5fd49a152ee2,95603ce8-e579-42f1-855f-6537b096741e
a7064760-916f-4a89-8475-f363a6ca35a2,869bffc5-1e17-4937-b931-70e4c9964f6e
cae2b5c7-cbc5-4413-bad5-da6d0b6bdb49,af6fc1ab-2085-4b7c-b953-656e945c3322
c0854400-b122-42f9-aa58-858a7858d2cf,e6d710fa-4801-4cdb-a9ae-0a366c3b2a18
9a05d683-71c4-42d3-acb3-2776741a71da,d3d4fe28-25c4-4f34-b46c-985b0721d492
9540073c-60b3-41e8-a8ae-d0c7ef4c6593,f3cd7155-fdc6-4018-8065-9e0c4f6c510a
2b7aa56f-0a88-4a06-a288-379989c46b76,4786df93-f008-45d9-a8d5-6503ef1f1bfd
e6b71758-6af1-4f8a-9514-f835a0109bf1,0ae15ce6-7f51-48e3-b495-6c2af91517b4
3142597d-90ac-4354-a1f8-4311f8dd1248,80e63a19-bd2b-462e-99fd-f8cead96b993
4e6cd14a-6b01-4f45-bd97-4b3221a7fd7c,38297f16-d4b7-4901-9101-a39cd5eeafd4
c54a4f18-bba6-4cf9-ab05-335c8619417e,cea8b221-0125-4536-b7f1-301e4fdca519
35d36960-f6de-432d-8b8c-fa7d026f6255,dc12b723-2423-4084-b549-4b75657a2701
929fad7b-a9bb-4de8-98ea-e8b938a08584,ed864dbd-6e10-4000-8fa2-f60027d25a26
89ec1fee-9fe0-4d7c-bfcb-2432fe492c20,b7cf60b1-d556-4cfc-b339-0a6a5dae3888
008c5e8b-079b-4d15-844c-13a4c3df33ac,4d065362-9b94-4c63-9d16-e8de0d98f82e
08e3ed0e-ec98-406b-81ed-e3578896fef3,c08c8beb-a4d0-4480-b995-84140d84445b
4b9ce03e-80c6-47f5-8f08-11241376b98c,2ce0b226-e12c-4a6b-bdbb-0d189727509c
609a7c71-4bb2-4608-8eaa-b9dc43708567,8355338e-e703-467d-b3bf-51ced12f357e
8ae793c0-ea74-4d06-8c3f-fdc96245907d,2e9e0cae-554d-4ef0-9827-07489840d233
54d7c11b-3186-4a99-b003-c40d68dcf36f,8aea7193-a037-41b7-889b-18d38affdcb8
1aa581a7-3c44-48e6-971b-5ca02562cdd8,fb00f7fe-c609-4f12-b9c2-3d0631610c9b
c8eb9597-9aa6-4033-b878-e31aed6e5db6,a0ecb144-5b0c-48e7-878a-24934e8f85c5
f27b807d-9d33-49b2-86f6-b0d5526de3d0,6cbca98a-f772-4139-8448-b121d637953d
9d3bd528-5dac-4d90-9c21-a345b7d102db,fe11f2df-7188-4a90-b1e0-ac2c192ce40f
85db2645-e9b4-42b1-976b-3bc4bc4a3992,a8f96e6f-e929-42c6-9d09-674a4b84c138
d27db43e-6a7c-47f4-bc68-4b84db088867,8811d894-5400-4812-bf26-f3d08e75c65a
56bad57f-2c8b-4129-b683-4153877d0c1c,552c23a0-183f-40ff-9b8f-dc098421a44b
87032c97-9fce-44d9-b17f-0d81f9472b85,6b79c4ba-bc80-4d01-99c0-ee621f38d32c
fccccb71-d8a2-41b5-8a82-34e2ffd4af3c,653efa11-a855-47d1-896f-b456e7b4358c
a6182830-84fb-48d6-8aa0-2ecfeaec5255,8811d894-5400-4812-bf26-f3d08e75c65a
7583b19a-7b24-4105-bdb1-64f29aab57a0,eb871142-70ad-4457-bebb-bcda2224fb8f
0ae99c35-9c10-4578-8c08-0e2d6c708d5c,dc537462-abea-46b5-9ee0-4d1021bbd38e
61739a15-28c2-441c-9f5a-a125699bc480,4ae5c7e2-c569-41ad-9e60-1ef98bae37cd
17ce2579-db07-405c-bef3-b12bdb676517,d0a1920d-bbae-4e93-a73a-6743be4b1316
a2c23aed-5ae9-46d2-a327-bf2971dde897,192bb239-0ec8-4d46-b082-f9bca3add4f4
3892812e-07c6-4667-80f2-8ef80f09d98c,9e28ba7a-8bdd-4228-93d4-fe8edeb1260e
526627ca-df57-42ac-b4e9-2cefb12da13a,e9643c57-d469-427d-b3ba-a43d57055a05
85710edc-c8e4-4661-a3cb-bf6fb0a8a363,7a753082-aa00-47af-b9d1-52feed395fbb
bc1021c0-1c7f-4489-9640-a7152b0faecd,bfe18d60-d9cf-4d86-9122-e1c97abb114b
0074dc79-0cd8-4203-919c-f6559ca016d7,276b08a3-52c5-4e25-94dd-26209af91d20
40a5b323-b41b-4992-b25a-f07829aab2aa,702a4eea-9517-4ddd-bc8a-f320ff2f284f
db5a22a7-355a-4690-91e8-a3d097406493,6c1ee0fe-b7be-48e1-87b2-763e27a995e9
b76f7825-03a2-400a-a202-8035477663b9,3dc5cb5d-fda7-427b-a64b-aa5fa9464f4d
e56a20f9-9c8a-446e-871f-7f05a3a890c1,ad8d3cc0-35c1-4f2c-bfde-32c216960f35
88a4bdf0-47d0-41c4-af6c-c0c9b5c384ab,ba6e1b6c-6d64-4f76-b6fc-a3c1d40e1f1d
f1a0342c-a42e-448f-b6fa-b6629b146407,6c61cbe3-6e99-41a8-ab4b-33104da6ba9d
ddb30441-7e34-4dd3-b124-3ff68f17aad5,9c201e5d-950c-474d-97a1-6c188be7a63d
3f678397-edbf-4ef8-87ef-77d5cd6cf589,784e3917-08d4-4c24-9b86-99d56ac7c366
eb98222b-5d6e-4b1a-9136-77e1498b804c,5faa26ba-980d-4c02-95b4-4fc288dcd071
b5af67be-000f-433b-9cfe-54e91eb47096,508917a5-0bc5-4f67-a8eb-590eed57c373
b9d1aa0b-98f4-4422-bff1-486341b04f3c,bcd4f72c-69c7-4009-b3f1-e99af8bc8fde
7a564045-a032-4b89-836c-1648d3c2a15f,f82e00d9-2ab0-4558-b848-be33d89eb102
a3312bf8-5c5b-4ef8-b102-d04b222f1aba,95ba68cb-295d-4dd2-870b-554159be0d7a
cc2f5543-29f9-43ce-9ccb-a8bf5eb14c3a,39ba97b6-6a67-446d-8748-342bdd770841
e09b23f4-c1dd-445c-bdc1-7ab63c2c7458,d8f09678-e1d9-4e27-99d8-ba0cbd5c0d1d
25f961ac-a412-4c32-8804-768f96be71ae,63f5b43b-a3a6-496a-a029-42d2d81d0d5c
b599363d-5f9e-4196-a34b-617effb6ab07,ae644c7b-7774-421c-a92c-26b6bacbf835
dcd47968-7897-49aa-9a07-e6d4e8e0d6c7,554b664a-d63c-4a18-8367-87b975c0aced
0545517d-c5bf-44e4-97f4-d83de3016f78,f25b6184-c379-4e1c-9900-f563f78da2e1
0cf39bf7-f8a8-4a60-be09-afcdec4c9993,4f63fb76-131c-4815-a8c5-c7bafe3c0ad5
74615719-46ea-4b50-aae9-c163b852e2c2,199ed5cf-7d9d-478c-b867-a416ca81971b
fd4ed6e9-4f6f-42d9-b182-a2e88cb468f9,82a78c40-2f17-4cf4-bc4b-b16f06192154
5b73b1e4-952e-4c18-bb63-200a9035e77d,52ae1b20-048e-4ed6-b447-57186d7d73e6
110c66d9-54d1-4048-9317-9d2fb2d59c5c,7aa07df8-7524-4504-ad6c-5bc9d4e69dc1
71a7151f-3bfc-4d4f-a677-41ef81167987,0b851803-3cc2-42cb-b39c-f8cb533c259e
f31b41f4-aa8f-422e-9f8f-67c922791a54,7780c75f-7016-4fed-8563-d9924adb4d97
59106edd-3509-4a44-807b-9f99fea556c7,b59f31f9-86f2-4150-ac2b-9b4cfbbe68e9
1d80e5e6-cc00-4fa1-b1e7-137cad119401,149b7496-32b4-4a5f-97de-2fed88e2f4ee
10496da8-34a9-4fd0-b098-b63cdc6abf1c,0e62d51f-dae3-4cef-a682-214c1cc86741
c742c171-0063-42f1-b902-745141a71ada,0165a8f7-1cfe-45fc-9ae2-b21b504f10b5
40ad846f-dd8c-4437-b29c-8ef4842768d2,288f89f1-1e49-4fa0-8d57-ce1fa0136e51
ceabb74f-8e2e-448a-a0cc-c40de96af12a,958e0609-7c83-44bc-b38e-b64c9ec5f8fe
5aeed3d2-b5f4-454d-aa35-a4e050158396,ef40f9bc-36d2-4083-b369-6e5e3054f05c
946a426e-d2fd-430b-9cad-d8b84a9ce264,c4b3ed73-ca3a-4e63-b709-c96837c0bcc8
3dd9e074-ea45-48e9-8df9-002373d79f17,6b158748-2e47-48aa-9b37-ddf556d1ddf0
21019a55-7af5-489c-95c1-abf8c7d26e7a,6f80ceea-2000-484a-a629-12b05da8eae6
09d36855-a580-4915-8397-2da37ed84428,50776682-0887-41dc-8aad-2f61040a339e
2b2f4dbd-465b-4a19-94ad-15e4d7d59971,c4f6f812-2e9f-4b25-b745-cac821d2aec6
b8815f80-11df-4820-b9b9-97fb66c77ff9,c6baeb24-81fb-4538-8229-718eff6695fd
37f24a8c-5e30-45cb-ace0-e4548dd54447,323d9e09-2b68-4c50-982a-302b9b487010
70ddc71b-9c67-4bcf-8723-d09a06a557a0,c730e821-57ab-46d0-8117-d6c2b2a459d9
ff14a357-cf84-4f10-ab68-902e36ff3ff7,d0d95b17-cbb8-44eb-9862-516f179f9444
bfe9eaa5-31a6-4e85-893b-416f131aee22,cea8b221-0125-4536-b7f1-301e4fdca519
159037ae-72cf-4cbb-b608-6e7f1b7fd13e,1c0f51c0-4abd-4e5e-8117-a43875d805d6
67d9e251-85ad-4d6d-be8d-3e364f5c5991,3a3c83a5-5a9b-4349-a0ca-54091edd08b4
b383ad3f-bb83-4451-9c4a-d5cc8ad93e1f,a3a7320e-4be4-4107-a4e9-ee5e691e12d0
ef53e422-a027-4639-9897-e5d3b1606867,0519816e-4e61-4b34-9554-cbdf0e206336
00ebd651-a381-4a5e-9222-4456b3f40920,5752dbcf-0c38-42ac-beb6-099f02117eb3
2d8bd2e4-856a-4b36-a1c5-52b5906f2d95,68f7b5a9-c458-412f-80d8-240d3b369f08
e0890452-6fd1-494e-a3c7-83522dda4ea8,177450cd-a78d-49ba-9d69-d09f4c0c5078
80c584cd-1304-4270-912d-db9e82e51b65,744dc5d1-105d-4686-9bd4-442a059d6259
25d4cc94-934c-4b8c-a069-132cdf487e7d,e43209b8-ffd5-40a1-96cd-1445efe122cb
88224404-f73a-4708-95ea-cda69b6b6b1e,1dcf56d0-5255-4f85-9ed0-d6fcfc24ede2
10c375b3-622d-452d-b3e3-b1decc2533c1,300ae553-dfcd-485e-9caf-b8cc5b56e02c
4b3c75f1-bd96-4f96-bb15-cbae00e31360,ba8df72e-a537-4732-8314-1a46606f86d9
15ac8493-eb03-4851-ae13-a8d532c8dffb,0165a8f7-1cfe-45fc-9ae2-b21b504f10b5
2e19c9c9-288e-48f0-b657-3cdb71a47200,029dbae1-e587-4a9e-bfc9-32e8c99bbee2
05511655-edd8-4dd6-847a-310bd031560b,486b8377-c576-4ff5-92e8-6de20ee23754
2643beb4-6199-4c07-9a0a-081a496b2997,8e776133-031e-4746-9a11-5fc8ea147c71
0216f665-c105-42f1-ada6-cb375c94f620,80e63a19-bd2b-462e-99fd-f8cead96b993
a0257ce5-caf6-43a0-8d22-013b15622355,c730e821-57ab-46d0-8117-d6c2b2a459d9
0d2fa7e0-dc1c-4f71-aae0-45cb8a479218,da570a6e-8662-4629-9038-01b04d367ad7
0e673eec-7f43-4e7b-80b4-d8ce6e4358c6,f9f7fded-2a4b-4642-bcee-a911480a0c18
58e873db-ec1e-4a49-bf35-5f7c4dc2a876,c25ea753-edbf-495f-92a2-7467b7f861da
7f95767f-4503-4806-a0f9-2c2ab1f4b426,2062f323-dea3-4a06-bc90-19a633d50a84
f18008d5-b825-4a43-8534-5d9cc8f7a43c,7ad8bd43-68c2-41d3-a6f7-4454c22f06f8
19e18426-4285-4d5c-8eec-15b1f81b3f49,b606c3ce-a29c-4146-8f4a-463195a3c9e0
4fca93c9-3437-40b4-82cf-576085ad8cb3,b33a8e7d-21fe-4c03-a957-a9eb189b2d0d
6eddfe4f-4efa-48e0-a486-81e266c89acd,73d6bff3-01cc-4d8d-b452-6b4e593598ba
404570f9-1024-41c9-88db-ddcb711721cf,141198cf-f559-49bc-8166-b50dbbae74c0
c3e47c25-8336-440a-be11-40ec4adc943c,3d1cfbdf-97e3-4447-87bd-0b731c708fbb
460cfa2b-ceb6-4cd4-8c84-d617b4a38bb3,fcb0b003-c392-4261-a5c6-79af77434e24
a66abbdf-e347-4743-af61-1a6f0fa86c53,bcd4f72c-69c7-4009-b3f1-e99af8bc8fde
318b0260-438f-44e7-a096-a91d8aa8aa5f,95ba68cb-295d-4dd2-870b-554159be0d7a
bd5dfe27-225d-4f6c-9046-94014e93fb60,d1c1f980-4068-42c6-8c3d-b67ea24eea15
527b5243-e8d5-4b7d-a599-c107add87379,fd1ce5da-fca6-4e57-b9f4-61411bc801e0
616f0833-89ac-4497-87bc-e84436236a20,f4e3b2bc-1049-4006-90f9-3aa4fee4fd8e
7122580b-6ffd-45bf-9b92-31d9180fb3ab,47ad6362-a4be-4184-93f4-0630e0edfb60
ee3066a9-5757-4f52-919a-79b241ffbbcc,27cb0c10-52d9-4d8c-834d-baf668a4ccf7
ce101966-88f5-4b93-bdc8-8b1383c76280,622647aa-cb02-454c-8bb4-79555c4a64b6
baf96bbb-1c71-4d7d-9183-f776bc937ef7,622647aa-cb02-454c-8bb4-79555c4a64b6
cbae3aa6-15e4-4796-8a5a-8061d17d0aea,622647aa-cb02-454c-8bb4-79555c4a64b6
f79f5f05-05ce-4e17-af33-a54e67d809f2,8c126c8a-1b71-43c0-9e5e-a586470135b0
fb505f5f-f490-46f3-a6f4-1bc712becfdf,d6e1edf2-5e42-49ca-957d-c340df0e7c39
839c62c6-da64-4fb2-b0f7-314988830253,83053dcf-c982-4f2f-a973-446c01c39d9c
92312d09-88db-4ea6-9bbd-17bb8e4f7816,52ae1b20-048e-4ed6-b447-57186d7d73e6
fcb441cb-4bb2-4ced-a49a-02af11f4f424,279432f1-f571-4fe4-aab1-4eee0f9dc5b1
b4379fdf-5d78-4f6f-99b4-8eee12b92606,d0d95b17-cbb8-44eb-9862-516f179f9444
c855f3ef-bfe9-46bb-8ba7-11a24954b103,69ab11c2-42f9-4033-a5f7-3f4bc0e9b65e
bd6390e3-02cd-47f8-a9b2-e6df44f7442c,c2205631-7cfe-4ba1-b9c7-4c13ab9f39e3
a8cb78b5-ab1b-4f18-91f4-995de5f48f84,ef54758a-b036-451e-ad3d-ced72999261f
3b223e3b-e51a-46d9-9eac-e75c60d75d66,2c9899c7-dbd7-4551-a41c-ab6207b7c7fe
50b35bf0-d5c1-4a57-a23c-48303052dfbb,7aff5e6f-145d-495f-b462-56a23ffe60de
ab499e7b-4463-498e-ba94-ca9aa722875c,ab6b9a79-a0b9-4d1b-ac94-39743be80c97
9b30ba93-6957-4bf9-a79c-9d22543d16a8,155a28b6-13ff-4057-aa73-b8fe61bb69ee
e6c4311e-e6bf-4af6-8fb8-23c114d32447,e07b9073-7ce7-4a24-896c-d25248461714
3193fb00-baff-403f-9102-213629ff4737,5431435f-55cb-4d37-ac65-e099db96fd9a
907d2beb-8d84-44f8-8075-935551d266e8,e15b9629-2a1a-419a-a845-68e9a4236543
a7c09f6c-80a5-415e-bcaf-266e0028141a,638d04f9-f6d3-4b96-85ec-dbdfe00488d6
948e00ca-70c2-4d44-8b91-c6dc907c4ae5,149b7496-32b4-4a5f-97de-2fed88e2f4ee
4c89a64e-5d10-4a9f-a253-7c110e23c17e,81ab21ae-9836-4dbc-b20c-b13ea7482dda
1ad560c2-a2c9-415b-9460-7a339e6d370b,b7cf60b1-d556-4cfc-b339-0a6a5dae3888
2b103154-8daf-44f8-adf8-943786070ee8,e864b45d-c569-4192-bfd0-0b76fdeb23e6
3a0d49d1-c3c9-4569-aad7-63d603a275b4,6e78c412-5a27-47b5-a836-da530d209353
f308d928-54d7-4df5-861e-96b79e543332,c22d8ccd-da43-42ca-b348-716097f1536d
19621af6-33d6-4195-83b2-1c4ca1218630,62644569-e2f2-42b0-9387-372dcf0808f8
b7b09c79-58c8-4bb9-98ca-72f5c298a618,34b9c278-2263-433b-b0d3-b0a43465b01b
33e0bb2b-797c-4ee5-8466-c17e1dd849ce,7e73c3b9-5b75-46b4-ad96-a066ed8fb46a
1b76a25f-f429-4750-a0a1-894a9e1381ba,f0b19833-ee7c-4827-b7b3-7f0e9a000c55
e526f08f-5be1-43ef-a1a1-d520c87b283a,4ce98431-749a-4396-adc3-4835072c8f6f
5e09ce68-3110-463b-839c-a01fc41e796a,d0e050b2-9e7f-497f-adf1-3bda14e60192
f8ed6e8b-dbf1-49ff-8818-73a5190d188e,991ceb24-3891-412a-82d1-b2007d83b06f
c5240db9-3566-4290-83f8-2dacd93f1a9f,3aba0681-a91b-455c-b06f-d0e3ad04c3f4
1e19cb21-1823-4070-8042-5acf2d223ad9,7a753082-aa00-47af-b9d1-52feed395fbb
e89efdcf-b4ed-41c5-aa04-cccb3dbf64b7,3ba0f8f7-d29e-4396-b4f0-701b4dabae44
654898ac-670b-4f54-8dad-414d65caf754,e43209b8-ffd5-40a1-96cd-1445efe122cb
9ffa5e0b-7da4-4550-91b0-99d26567a44f,638d04f9-f6d3-4b96-85ec-dbdfe00488d6
41211f7a-b28e-4767-b016-b5d2412d35aa,bc0270f7-1380-446b-9d95-7ffab48493b7
1e1fd871-0165-4991-b795-5377b8a38298,e84c4183-c460-4c69-a47e-0b1d7de01a34
39acc32d-19ed-4daf-a09e-09b7f6e29579,88802d79-d83f-40d9-9447-191e6dd7de9d
359decbd-6a56-4b70-986e-a639113b7782,3e6f7b30-d497-4b5c-8be1-ff79bfee7aa2
509ad0d1-8d45-4b95-b2b8-3d3eb0aa94ee,60d37f5f-e8d1-4368-9f96-6238b6549c1e
f5408859-1e6a-49e1-85ac-36195f80d054,7e6c7f6b-0486-41b3-9840-5a7ffc4cbf99
51c25a10-6b91-462b-91aa-d358db4b4db7,e43209b8-ffd5-40a1-96cd-1445efe122cb
466f6de5-48e1-447b-9276-aecaddd8d229,e918f7f9-d58d-419a-9730-db75a094060b
17cba4be-2a57-49a0-acde-553b02f4a512,bdc53e32-e83e-422b-ac3e-c7c6d76ab73f
ea21c0af-81b9-4f00-9270-04343dd076eb,4de2341b-69a0-4e4a-9ef6-237363949b22
92b09675-a75d-45d6-9658-b51df7dcb377,486b8377-c576-4ff5-92e8-6de20ee23754
7fb7894c-ad06-482e-83ba-16cb8722a894,b7cf60b1-d556-4cfc-b339-0a6a5dae3888
973e6f41-c6be-4e57-8076-d90a684ffc96,6f80ceea-2000-484a-a629-12b05da8eae6
6bb41168-e0de-49c2-a4fa-f0cbcd3dadc3,66d358fa-151f-400f-bf74-8805c471a834
41449f7e-39b0-4c9a-956f-2df0498d51b3,bfe18d60-d9cf-4d86-9122-e1c97abb114b
412134dd-bc6e-4f47-8631-64d70b2a790e,74593f20-ba36-43ce-a979-153e7b1eb266
527f3253-c097-4656-8d13-9c30c5f9f84c,aa6b09bb-c9e1-4566-9f7c-a37dc837400a
3c7fa5a2-382f-42dc-8f5d-d7e22da32868,7e6c7f6b-0486-41b3-9840-5a7ffc4cbf99
2d3cfbc4-8f20-47a9-8b31-b31e05b735f7,dca25077-62b4-4fcf-8c87-8ba18f0c1c56
3af72e35-da30-4e72-8594-9716abd46fd4,bdd68e6e-5019-43c4-92d4-835c67af2823
572b8c52-f6ff-407c-9649-ff6434cdc61a,c2ab261f-83dd-43e8-ac62-e5dbf8e3316e
a7746393-61f4-4720-8ef0-34a9e21793d5,4fe36340-4e2c-4766-a3eb-f14ca61e826f
0e6c5f1d-2ccd-4566-b4d1-e8ec0571db01,3f57ef2b-1533-4b80-9a03-dcccbabed0a7
574fbdcb-cc25-441d-8b3c-78cea9100b73,c420b919-bb40-4959-aa7c-8d358a5d5ce2
642cf47f-f108-44ad-a05f-4fa5b53cbfa2,1c0f51c0-4abd-4e5e-8117-a43875d805d6
c909ce73-e01d-41a6-a500-10c77d31fd28,c4b3ed73-ca3a-4e63-b709-c96837c0bcc8
0b9a8d98-6489-4ee2-8d8f-90b7b3c03c7e,9eb4e3b2-2635-4b3d-a11b-e74cafad2a2c
46d804e6-d58b-42c0-add1-40c10e655e02,b8b68711-34ac-47e7-886f-f0d3597ad13f
45eeaeca-26e0-496b-b26a-6b717fccc7e6,59d12925-f8dc-480a-84f4-2b7523e1b1e4
c0e733c0-34c0-421e-bf94-f53f78346770,296cfb53-e5a8-48bf-9cc1-65676195177f
667b93c6-a8d3-4825-91b7-34e58af330f9,af7b891b-83d4-4416-a365-5d6cce74c3d1
f798e8bc-0cdd-485b-9cb8-6019c238e613,249f80cb-bd0c-4592-ae95-6ff5efbc9a5e
0b2b05b2-0013-493b-a213-80ec959fc40d,534d7a42-1217-495a-9491-c1e20adb2f8a
97f765a7-42fc-4149-9de4-7dfc2dda6c1f,ad8d3cc0-35c1-4f2c-bfde-32c216960f35
8d359235-b919-4b61-8492-6c78996bfa99,7ca1f39b-8192-432b-ab62-f038391bed63
6ee2dc16-19f2-4fcd-bbff-c8cfb522d52c,4394da81-1305-41b5-bed2-ac619348692d
9db60b6b-ea0c-446b-bbe9-ba43412c93b5,73678284-5a41-4928-9920-3c1057259f0a
21e6c679-07a9-4f23-af0c-273a24eda462,082fd45c-b8b0-46db-b7d0-72c6e06aedec
ae0b609a-0be0-45e8-ab86-5adeef62ac9a,60f9f2c7-c1f5-40fe-b102-b271818eb866
7689db83-a1c5-499f-ad43-92bd2294fab8,a278ceb5-5500-4a0e-9c70-5e6b127b09ef
253ee653-4e81-4c5e-969e-76480ce40ac2,323d9e09-2b68-4c50-982a-302b9b487010
3c5c8969-0474-490c-bdf1-1b3f37793fb3,9acb594e-13c8-4f6f-a169-0c1c55a2d118
0411672c-3c64-4619-8e4d-b17e65369546,e15b9629-2a1a-419a-a845-68e9a4236543
b345511a-186b-4134-94c0-e5d1d50f21fc,110d9d5b-3c67-44db-bdc0-5d844884bfa7
862b2c9e-ace4-4dd7-b82d-767a84ad948e,f9f7fded-2a4b-4642-bcee-a911480a0c18
4c9ff43a-0230-4e59-b008-8d61f27249a6,73678284-5a41-4928-9920-3c1057259f0a
62358c4b-d967-4525-9af1-bc29c27237c4,744dc5d1-105d-4686-9bd4-442a059d6259
c08ab785-f653-4f3f-8b9f-57a335ce9d9d,0f132c4c-a000-4005-8cbb-31ed474561ac
5c9dda8d-201f-4ce5-b382-03ecc1953590,0165a8f7-1cfe-45fc-9ae2-b21b504f10b5
958b0220-f74d-4cac-b357-e19a74a31795,dcb3d306-433f-4c90-964b-2c6d61d28e12
175c8086-8349-43df-a61b-f6a56be7017c,d729a036-f859-47a0-824e-3b39275066fd
18baeeb4-1eb7-4ffd-9a2f-f557102dd5b7,c751122d-bbc5-4c93-baa4-08266f02f2b7
65e60432-bed9-4540-97bd-ab8cecabedb4,5c12be1e-59fd-4725-8a6c-324fc19d38c2
fa3948bb-42da-4d5e-bd30-5194ff2e844b,656a3ee6-53e8-4196-a3be-20ef4e948391
249ca221-bb79-4c6f-8e96-dbbcb880f14b,e748b320-724a-4e6d-836e-75690f8dd08a
4fbde61f-265c-4903-9ac8-2a2d86493d48,31b0aa57-b98d-4607-9b5c-0a1496c3e571
d9abfb71-aefe-414f-a073-2d530f1b306a,bdc53e32-e83e-422b-ac3e-c7c6d76ab73f
bfa63c15-5cd9-46a0-b84f-fd9453653673,4ce504b7-89cf-4ebd-9b97-b8add9d7c2ea
49aa7aa1-23ac-42bf-bc8d-47986431d220,89262dfa-e291-4383-b665-757afbb211aa
6bac2652-4123-40e9-8743-e3626fb0dbcb,ab536ebb-3cc9-4390-915c-7474d9f9523b
f192ce96-ac02-4810-a490-87e583f4a231,4ce98431-749a-4396-adc3-4835072c8f6f
746b6b6f-bca3-412f-b541-630d5cfd3e61,8c126c8a-1b71-43c0-9e5e-a586470135b0
f88e8399-e3b1-478f-bad6-4f38b9775775,d5b73f98-1330-4f27-802a-b79afa3d27ec
d014eeda-a3f6-4a23-9449-13eec7ef48aa,4812c2cf-c2ba-4a47-bef2-e2b87dadad71
400e9b16-d274-41c9-af9a-c21bc913688d,c4f6f812-2e9f-4b25-b745-cac821d2aec6
b03e8fe4-1773-4c73-a82d-4c21f045be33,8b0c2a50-3bc0-4125-9d31-ff3220d0480a
a88f40a2-6cd3-40a7-a00a-151ec50c2089,e918f7f9-d58d-419a-9730-db75a094060b
e07c913e-4d54-43ab-818d-82c432f095f8,d4fdf489-3982-4117-b5be-df218d4225fa
a2845538-9689-4a3f-90e8-fa533e38f0fe,250ccdc4-b44d-4b54-8b0d-32467bb8a101
6d47be0a-c1ea-4002-94ed-69830818f87d,1dcf56d0-5255-4f85-9ed0-d6fcfc24ede2
8fbd07a1-cabf-4c0a-9ecf-75c97b0adc0e,b813624c-6e8d-4127-9517-4a2c52787365
6ef2aced-abbb-4eea-91c9-669970bbaa4b,89262dfa-e291-4383-b665-757afbb211aa
1a90220a-c3a8-48b5-80ab-fc81363e2ee0,3cb98127-1535-48e9-ad8b-be149cbe56d0
daf75e30-a032-43fc-b1d3-943963bf485f,74593f20-ba36-43ce-a979-153e7b1eb266
57b34fe6-591d-43c5-a1e5-8de9f15a0988,eb871142-70ad-4457-bebb-bcda2224fb8f
8d0a7a2b-cee3-4790-bc6f-b5d377fa9ac0,b3393244-acca-41e0-80c9-237aca3d41e3
bbec1a5d-1bc1-4a12-bdf4-9f8118e80b8e,ff845afe-c253-4312-8c98-85a40aa53af8
c6b4581b-5738-4d64-8ed3-e99e7394107f,141198cf-f559-49bc-8166-b50dbbae74c0
daa00eb9-ee78-46eb-9e8b-496e43c272cc,606f872a-3bba-403d-8988-7a54d260ee43
a3ae5af2-df09-44e6-afba-2d35c296d2f1,ed667b93-c75d-4e70-b0d5-22dc6c77c882
1e7bcfdc-53e0-4671-9900-ef0b723d574b,e15b9629-2a1a-419a-a845-68e9a4236543
a8322ffe-ded6-49d7-baa7-db2e2575d6fe,75b1eb9f-9d29-400a-880f-af3a33c439a2
de7a60b5-7247-4e0e-811e-ca88823918a1,ba8df72e-a537-4732-8314-1a46606f86d9
01d71eb5-5733-4191-b3e5-7ff45c72cb92,c420b919-bb40-4959-aa7c-8d358a5d5ce2
f511938e-a65f-4b28-bd06-2e84f4d830ac,288f89f1-1e49-4fa0-8d57-ce1fa0136e51
c43289ce-82fe-446c-b841-e8e8135efed7,dcb3d306-433f-4c90-964b-2c6d61d28e12
a46b467e-f90e-4bc0-9be4-0b2a25ed24a8,4f63fb76-131c-4815-a8c5-c7bafe3c0ad5
d641cd3b-6715-4029-b295-c7363f5927c8,ca5fb460-0253-45da-8026-03da00bfeac6
6d456189-6f7a-4761-89cb-ea3112b12c6c,1567ea86-9be1-410c-8c1f-6ae2ea8e7540
41189d30-a950-4b0b-bb13-45d9dcb6a5bc,8355338e-e703-467d-b3bf-51ced12f357e
aeb333df-733b-4841-8b8e-f14591c0ba84,e9cf875a-0024-4c4f-8f6a-f56fa6cf3b92
7636c97a-dccf-4862-970b-02ef12d38854,dc12b723-2423-4084-b549-4b75657a2701
c5182e2b-bb33-4886-8717-893b84097482,bc29ea38-5e52-481f-bc3b-b01c2a9523fb
ea4980f2-c856-47ab-a684-2cd781c4ccba,515d8ce2-d51e-4adf-8aec-e6e577e4803d
056abd50-adea-4e87-8919-5b9bf6c8deda,b813624c-6e8d-4127-9517-4a2c52787365
406c4b6b-9303-4efc-a3ba-1e36cf3a8890,177450cd-a78d-49ba-9d69-d09f4c0c5078
0904efcb-b6fb-4201-97b0-a8f1c4a64c3d,7d982632-a9df-4641-9fc7-ad81132fa764
df6829e9-18c8-4b3a-a130-2732674590ef,9e28ba7a-8bdd-4228-93d4-fe8edeb1260e
807b91e2-941c-4428-83ef-edc4efeabcca,7d982632-a9df-4641-9fc7-ad81132fa764
34425f6e-792e-474d-b795-fc4ba990b6ba,bb73be68-7d85-4c79-a27e-0810c186b7a5
4366ec43-b3a8-47ce-b89c-81aec86288d9,b59f31f9-86f2-4150-ac2b-9b4cfbbe68e9
7ff91585-9287-4898-b550-ae2c5bfd8407,9dec6601-0a20-4e12-a031-2ba7ecd4798b
87f7e1a7-1015-434f-97a1-ffba9c5b33bd,fcb0b003-c392-4261-a5c6-79af77434e24
4108fb7d-2a52-414e-bbd8-98f6a3f10f7c,d9527a41-af1e-4bbe-bbb3-c0bf924ab573
1d4ca75f-5cbd-46cc-b491-308c491d4a5a,31513288-8c3a-488d-91a4-7fe1609eb9cd
d3cc4102-9a70-4d32-9f0f-d259251ecf9f,39ba97b6-6a67-446d-8748-342bdd770841
30b46b61-4b43-4ae9-91a4-4d019cfa3f3b,1411d458-951a-4c56-a3be-3b8f65f1d6f9
ffa373d6-76e4-45b5-ae4c-566cb89adc8b,a0ecb144-5b0c-48e7-878a-24934e8f85c5
44210027-6364-4496-a683-bead0c54684d,f1d164d8-eed8-4903-8f95-91b5f82c02a7
33e16ecf-41f5-4bc3-a5db-e2ce409d4875,2ce0b226-e12c-4a6b-bdbb-0d189727509c
9caab050-408a-4a6e-a37f-093a408f74ca,249f80cb-bd0c-4592-ae95-6ff5efbc9a5e
d99f8ff5-bcf6-4818-a287-5553cc1774d8,b8b68711-34ac-47e7-886f-f0d3597ad13f
b8eb3a13-1b64-49c4-a3c2-11fed69cc459,a9e514bc-b610-49a0-9b4c-25583ba55784
84081560-56d0-45c8-92ab-043e63450928,fe11f2df-7188-4a90-b1e0-ac2c192ce40f
bc4f024d-d5f8-4a08-8a45-9526fb327344,bc0270f7-1380-446b-9d95-7ffab48493b7
03852b57-b817-4e1c-89a5-37977b6abc5f,290b7352-66e8-4294-aba2-f16e8ce7b6be
f5467653-8438-4030-92b0-33fa277cd4a4,43c838af-d609-48dc-9d6f-1aebf9371ff8
6e7ec72f-4ae3-4831-b40f-af3249dbfe53,c6a2ab86-7f95-433b-bffd-23206d2bce3e
447399ae-e2ef-4609-a9e4-ee86df3ebee5,d5fd4dbb-88d9-45e5-8577-0e9bfea03ce6
36ddb691-ce5c-443f-8389-0394dc650a62,ce006e91-ba7e-46c1-a529-f99718a943fb
6577445c-6204-4a46-8354-9c879877a778,5d05cf1f-8e6e-45d6-9778-60ffc1d60860
a47558b7-8ec6-4a43-92f9-392ecbe5c14c,bcd4f72c-69c7-4009-b3f1-e99af8bc8fde
7a396bcb-ce6d-43a6-b4d7-3b31c46e13f7,40e6cb5e-d278-4258-a991-5bcc313bfc3a
ca584591-ab7e-4297-8699-9ace503cab40,aa806548-81d4-42e8-9fba-0709fc706cb2
cece85d7-dde9-4e6b-bc31-036ea4326c74,534d7a42-1217-495a-9491-c1e20adb2f8a
34a3f624-fa13-4826-8a09-2b5fe94b1d80,52ae1b20-048e-4ed6-b447-57186d7d73e6
d2b4d13d-fe8f-4b69-9f9b-1397483884dd,7d983cb4-36a4-4407-a290-72c0fc5eeadf
25d168e4-a06f-42e2-acb1-36df903c84bd,7468d85f-7495-496a-b8b8-3aef95c5a3d6
b93b0941-628f-4b8e-8d91-e05b15994a50,3fd17ca9-16c4-44d8-a55f-6b12443a8da2
837b0195-0cb8-4862-9645-cc31045564f2,4f4091f8-e5b7-4cc0-859d-a3af5f73dd95
edbafb37-6dfc-4758-88d7-5bc25857acc2,2eb9fc56-3dbb-478c-9239-2074f74a538b
1631c27b-174d-4216-b21b-bab1559b2bf1,05edec24-68c8-4878-a7be-9be4d6bfcf0d
f61b7561-812d-42fa-8b83-667e4e3e8e63,06170f3a-7e42-43eb-a78d-924fd245ab0e
eb647ccc-35be-4584-aa87-ab7fae6d8b0d,300ae553-dfcd-485e-9caf-b8cc5b56e02c
ab5dd90d-3f65-452b-819f-86cdc1bd4edf,45978028-ace4-4423-bd82-f8eeb01c870c
e686fa55-fb02-4d70-bf18-bd6149d7a7ef,dca25077-62b4-4fcf-8c87-8ba18f0c1c56
57f5f04f-6b3d-464e-8d4a-9d951468331e,638d04f9-f6d3-4b96-85ec-dbdfe00488d6
d5c99212-f417-416f-8567-7045198adbce,3d1cfbdf-97e3-4447-87bd-0b731c708fbb
4f644ebb-15bc-4366-b5e7-8ec84b406b58,eefa59da-3c01-48ba-9638-22ddc738df2c
04d587d7-2220-42f6-ae1d-3cddd686aebf,6ad27180-fc83-48db-bf47-d39c98b6c338
b5330a12-dd09-4164-9e98-46fed519f602,96a00799-8a62-4129-8d00-cb3d20556d8e
6355dc17-c8d4-4151-bb18-eac855642bca,f73229c6-90be-4efd-871c-b5dbb624e8da
62d4adc3-6e76-4727-8fa4-529d831c873e,bcde0694-9e0a-45d1-a20d-020867a43ef6
92ec4585-2f5a-4842-8a12-b617749ba972,3dc5cb5d-fda7-427b-a64b-aa5fa9464f4d
5e65302a-bbea-471d-b677-2a4c087029e9,a911c7ae-c15e-42ac-8f43-bc43b7b2763a
65de53a7-0373-4192-aa34-c7f026ecad17,0b851803-3cc2-42cb-b39c-f8cb533c259e
cf3a5626-2aaa-4953-8423-1a2705a02e0b,45e20450-bf12-4f9c-86e2-b346a9453c24
823b1092-317f-493a-8406-056c55976f1e,0a3b72ba-c7c2-4872-ab04-d6457e808c99
88cb8456-52e0-4a27-b228-5e6df4244554,45739f22-737e-480c-915a-b5ee4d58e11d
fface8b4-c44c-4935-9099-1cd4a4bcf437,73678284-5a41-4928-9920-3c1057259f0a
583f0391-074b-4f22-a5b9-7a07e9000a7b,6f44d66e-65ba-46cd-9740-197c92e5e85b
1cea41c0-24d3-480e-8edf-2c64787c43ff,ba6e1b6c-6d64-4f76-b6fc-a3c1d40e1f1d
1d2fb34a-da2f-4fe0-9524-77788d634680,9036ff7e-e258-4dd2-9064-5da767cbc2a3
f3bea438-9025-42d3-b95f-23d96bcd25f2,4fe36340-4e2c-4766-a3eb-f14ca61e826f
1df4be06-2b99-4517-aa30-c92dc9657852,fcf37097-d2f9-4fde-afea-7cac1c1c094b
9123ec99-48f4-48c3-958c-f2d9dc6be29c,fdf0223c-ee99-4861-93c7-179993b3d95e
d6529a93-3c53-4dd4-b055-e41057fa078a,110d9d5b-3c67-44db-bdc0-5d844884bfa7
09c8ce75-ae26-4d57-8fd4-337a9b3455ff,6e837cbf-96da-4fe1-a88d-f6b4a354705a
63143c37-575d-4ae7-ba96-cfbebf6b66f5,0725b9f9-1d32-4b39-baf7-ce6b922509f0
6c23d264-16fa-4612-a1aa-7014175592ae,4ff4d51c-193c-40cf-9951-7365b9ca09d0
54c16108-4001-4678-b04b-82667218dc6c,83053dcf-c982-4f2f-a973-446c01c39d9c
125074d7-62ba-44bb-b3b2-727dea2960f4,d5fd4dbb-88d9-45e5-8577-0e9bfea03ce6
07d78760-e296-4771-a54b-c17b3fadefa9,f0b19833-ee7c-4827-b7b3-7f0e9a000c55
f0c69321-aaf4-4091-9e66-f1e9555b3ee2,125ad43b-6f22-418f-b08e-5654684164a6
6444b8f0-c460-41d5-9d6e-ec7bc0c99caa,a917cd4e-07e2-4d0d-b2a4-362733063c91
332399c3-376f-4749-ae02-0e4bb5711044,f45197d2-01bf-4dad-b158-685f0ab9ec8c
a20335ac-be6f-45c0-86b3-f68825d196a6,6b158748-2e47-48aa-9b37-ddf556d1ddf0
b06fb3e1-838f-4681-b9dd-82dc2b847751,eefa59da-3c01-48ba-9638-22ddc738df2c
1957021f-c80c-4ad1-ae37-98285dc5159f,47ad6362-a4be-4184-93f4-0630e0edfb60
b0e9fcb6-3208-4b3b-8fc7-a71f869d7097,010e4654-1a44-4620-96ca-492697c77e34
5e482862-8694-45bf-ae56-3ed2c3a3e554,9e28ba7a-8bdd-4228-93d4-fe8edeb1260e
96a757e0-fcf2-40cc-9f1e-1bf197e0e4e1,552c23a0-183f-40ff-9b8f-dc098421a44b
23bc8ae1-2e6a-4ff0-a632-1b4a3c25d8df,58a5f992-46b0-460e-a080-fa77aeef1eba
e9f00f26-9fd9-4578-9e9a-c1abc5da6592,125ad43b-6f22-418f-b08e-5654684164a6
64eade7c-eea5-4130-a9a5-9872660bec1e,67840de2-b94e-4832-978e-0e675c5eda7c
978b0c15-e750-4545-a0b9-15d3d56e5bd8,141198cf-f559-49bc-8166-b50dbbae74c0
e0c99257-eacd-4644-9a6f-7cfabdf6b8df,dec2d462-053e-4e7b-b028-c3831195e1e0
fce10592-a6b4-4f20-80f0-65ceb372abb3,7a753082-aa00-47af-b9d1-52feed395fbb
3b51c86d-f9f7-4b79-85e7-062d0d72399b,e5f2cd1d-03f5-4822-8c5f-340a23cc3f91
bb4825da-2950-4ada-aeda-4444a4d54bee,6c61cbe3-6e99-41a8-ab4b-33104da6ba9d
9ec40430-e519-4f4f-96df-31fd2d2eba27,9a9a5d20-c798-4bd7-a012-b20d4d07b606
1eac9659-c137-479a-8030-6f61aace9169,1ce7fed8-c00b-4f18-8808-95fc36c1ec0a
37be6969-1353-4df4-88fe-e85b367daadd,ce057996-813d-4d3e-801a-ba684338c111
74d3760f-150f-4830-9200-275c5b0cbdbc,c751122d-bbc5-4c93-baa4-08266f02f2b7
06a89e9f-1539-4c11-ad98-ee26792a8e81,9431ea5e-673f-4de7-84ca-b314b7bbe006
28c84570-af2b-46c7-8fe2-463588226272,4f4091f8-e5b7-4cc0-859d-a3af5f73dd95
5960932b-b19c-47af-bf80-43b2fab534d3,323d9e09-2b68-4c50-982a-302b9b487010
76eddef3-d243-4deb-870d-e21f62807e15,323d9e09-2b68-4c50-982a-302b9b487010
1f178ea4-a058-43a6-8bea-76039bd04d73,5a1c831b-bb82-40fa-8705-1663183922f4
67c00611-6c8a-49a5-b81b-366ea3e05550,68845825-ce58-4ef5-a2af-4ba216334032
6d4ff2d2-f34f-40f2-aa5a-79d070d277cf,0abb4b4e-4a4e-4ce0-9e67-cf6feaa5490a
b4275b32-e3f9-481b-9177-a0eb4d61427e,7e73c3b9-5b75-46b4-ad96-a066ed8fb46a
71310a9e-43d8-460c-8bbf-7ea556bb6506,1411d458-951a-4c56-a3be-3b8f65f1d6f9
7038b023-2759-4a2e-9e11-aa258faaf104,8b0e0a6a-0467-4604-b415-069f2c11198a
5bc3c9b6-d839-4a58-aa4c-b1b54baf9247,a2ec798d-fad8-403a-96e7-3bd4e49afe8d
0076902f-7912-4886-a393-8b93e45aa3d2,88802d79-d83f-40d9-9447-191e6dd7de9d
df8c7668-e865-420f-b61f-c6d715e9cadf,6c1ee0fe-b7be-48e1-87b2-763e27a995e9
42eee1df-dbb6-4308-846c-95aaf411ad58,5d05cf1f-8e6e-45d6-9778-60ffc1d60860
510317f9-14ca-4e3a-9372-bc2f5010acb0,0a3b72ba-c7c2-4872-ab04-d6457e808c99
c01a3fdb-83c0-4625-9856-2ccdb7a33ec1,9036ff7e-e258-4dd2-9064-5da767cbc2a3
aef0f278-3a64-48d3-99fe-885177607245,4a1e1ecc-e027-44b1-970f-4f8b2c9b4eeb
882b0d16-d110-4894-b5fe-bbc493c06524,67f7b859-dc6f-4f17-a7c6-68d8909af44f
84444899-1ca1-4e7d-a540-8587b2ed0782,16ddc4d4-99bf-4ced-9525-909f6148b190
4bb91405-1ead-4361-b0f0-2a661406e845,ae644c7b-7774-421c-a92c-26b6bacbf835
65c36348-4615-46db-a195-f2f3d777c903,522299de-c9f3-47a0-881c-bde0e0c45660
0c16885e-1bf6-4cc0-a06a-e18bfad7e08a,c84d45af-3b52-4315-929f-eb397b52340a
5021df33-383b-4685-9080-b0c1fb1e1c34,c4b3ed73-ca3a-4e63-b709-c96837c0bcc8
3bb5a741-ebaa-49a5-982b-70a80e9c0d0d,125ad43b-6f22-418f-b08e-5654684164a6
0f08366e-22e7-4fab-b64d-09f8774b4e3b,44ad80c8-cc27-46e5-9f97-6142e069b78d
57a5e67a-a84d-4696-b7fe-03c95d2ac579,a0ecb144-5b0c-48e7-878a-24934e8f85c5
1ad11d34-3329-4d80-9beb-a559952e4d0e,4b221635-4f07-4e59-8c20-8fa85f6e6224
22481e0b-6809-4c09-8311-c520f598e5f7,34b9c278-2263-433b-b0d3-b0a43465b01b
f746e194-800c-43fc-a900-b904442d0f43,74437b81-1b93-4cd1-bb29-6caf4ae75585
f8d948ec-a3f6-438b-ad15-bca7b0832acd,9c201e5d-950c-474d-97a1-6c188be7a63d
1a9e45ff-0d80-4b79-b478-853510b31549,7aa07df8-7524-4504-ad6c-5bc9d4e69dc1
cd97b428-bb0b-491d-a602-eca7110e456b,1e2bf87e-e6e0-4a5a-905b-4039abc02456
9723a6b5-4105-44fe-80d6-0e589bd2eb94,d5b73f98-1330-4f27-802a-b79afa3d27ec
fe253911-ae21-4ed9-af1d-c72766961fd4,141198cf-f559-49bc-8166-b50dbbae74c0
9dd8ddf3-6c41-4b66-8b02-1a830aae071c,35c9ce73-6c95-45e5-a7a1-543749498439
aab62b4a-a1c2-4201-88ff-e7246e141654,dca25077-62b4-4fcf-8c87-8ba18f0c1c56
f00ec79a-5fab-4a00-9f59-253ebaf8e5c9,4980f12e-4a55-42a6-a5d1-4af8aff470e6
95a9580a-7509-4d55-b4d9-53e59bdad58e,ae644c7b-7774-421c-a92c-26b6bacbf835
42afcd62-f00a-4e73-b77a-a5c05b5173d0,6fe1d7a0-fb78-456a-a5ed-61bf749227e6
e57fdf7e-13c0-4bd3-a35a-5b2e41661b10,6a89c8ad-bc9b-4e72-a5a7-a3838a523fb0
fc830332-d779-4a90-adbf-2721df4d2cf1,7a60c85a-e5e3-4c69-a54d-40cb6cf98144
0c845aaa-7205-4c96-a6d3-91b5604117c0,b1ffabaa-982c-4cf5-9ccc-9c67dcbc3894
cd94fa47-af4b-4f4c-b37a-e59035cae504,c4d4aade-3f0b-465a-ac05-d501275a5bc2
2050c73b-a62c-4d95-a002-b83325b5145e,80e63a19-bd2b-462e-99fd-f8cead96b993
8f6b625a-8fe4-4f2f-a002-7e4d22de9b85,d23d995f-3449-444e-87db-7abda6bbf5b3
692749ed-5fdd-4b5d-b986-6520c1f339c9,6fe1d7a0-fb78-456a-a5ed-61bf749227e6
04fe2765-4ea4-42cf-85bb-84e95d37f3ca,31b0aa57-b98d-4607-9b5c-0a1496c3e571
9f3770f9-aa34-40c6-9563-915311dbab73,1c115e09-e5be-4854-be96-4d3604d0c9ea
094a9138-451e-407e-95f1-7f602fc59078,0f53b8aa-aeee-450a-a0fe-4b0d17fb0946
82d8cf1c-c884-4610-bd8c-e1253398e704,144a324e-c8b8-4789-8d48-42f7afe87dd1
80d73fad-1643-4635-a4fb-b3d029010ff0,4812c2cf-c2ba-4a47-bef2-e2b87dadad71
01887c95-37c1-4f14-ba83-825196eb02aa,96cb4a31-fa80-4c00-b265-3a3a0c228b5b
4ad752a8-8eaa-4bb1-a23c-39e0067d9100,56796143-5780-48fb-bf69-2a066b81cc7c
c49a0111-5571-4920-a552-3fd1a534c6fc,09bacd28-5cef-4668-a2b1-515650c41f14
2ade370f-704c-470d-bbd2-d63e35a8ce7e,4783d0c4-a40f-4928-bccc-db7b8a602fdd
bd3eb1d3-7bd7-476d-b047-b7442f4bd8ad,9acb594e-13c8-4f6f-a169-0c1c55a2d118
fa3c8a10-b5ec-47f7-b960-c8faabe4cce9,9036ff7e-e258-4dd2-9064-5da767cbc2a3
c3128ec4-c239-46c3-83f1-6d60f93c1bdd,d3d4fe28-25c4-4f34-b46c-985b0721d492
c9d7c11d-b7a0-46f8-9096-cec7b832cb57,f1d164d8-eed8-4903-8f95-91b5f82c02a7
22a0561f-6777-4b17-8ee8-c88b3cca6390,f1e076cb-a01f-432a-80ea-bf6d6a1de354
6933588f-0ccc-43c9-aed7-a8b238d34c79,30cfb57f-f0e2-44d0-badc-dc915542a1f4
4954953c-8f35-492e-8b75-c68ff2ac8c8e,64441c3c-ad68-4218-8c56-bd6e33402f4f
6a5c3140-ca69-4e81-b214-eacc408ebbda,57393283-9a0c-4de1-8248-e8dc6506ea22
a97e6c04-7692-4b85-a1c0-a31a45d549b9,40e6cb5e-d278-4258-a991-5bcc313bfc3a
ff5ac26e-e402-47de-8b2a-f1e816b125a3,9798633c-4815-4469-8a8f-ab56aeccf3c9
5d5e9673-cbfd-4e75-a4c8-5191644d592f,ca595b5c-f3ce-43cf-8aae-338505d59219
c4b5ba53-29d0-45d2-a380-e2dc4f63d1e8,38f16a65-ff0b-4894-8204-30ce8331bbfe
d04cb0b5-97b8-4beb-a75e-f2fa570cb776,2733218f-ea49-442d-bee7-9973b8d57513
d56aa124-745a-4384-9bad-56bb0be7c935,a278ceb5-5500-4a0e-9c70-5e6b127b09ef
b1b9174c-06ed-46ee-a230-f595979c2aa7,991ceb24-3891-412a-82d1-b2007d83b06f
f463606d-25ae-4f63-9846-ed15589e156c,558a17c7-9a3a-4ed4-92dc-1da33e69ad8a
62af526a-60cc-4d1a-ac4a-8ce850d0a716,c5837513-e267-461c-9080-d4d274c56335
235af8bd-9e14-478b-924e-798639eba9e0,1f96a3ee-3e65-401c-add2-2e13f1ddf650
0438db1a-845b-4bf3-a7b4-10abdb274e88,1411d458-951a-4c56-a3be-3b8f65f1d6f9
74630c0e-a2ee-4146-804b-4f346a350e16,3aba0681-a91b-455c-b06f-d0e3ad04c3f4
59a550bc-2bf7-45dd-a094-490bd8ae97df,a10813ac-ce15-4c21-974b-f4b37dfc76cc
999b608b-4528-4816-8380-31e1f26cd0d3,1c115e09-e5be-4854-be96-4d3604d0c9ea
f5270989-ac51-41f4-a6ec-365d579b4735,1c115e09-e5be-4854-be96-4d3604d0c9ea
2b3c6537-c42c-41b5-bbc0-0b1e610bf04e,6dd928e2-7f47-468a-a7eb-62cb3badf1cd
d015af31-ba59-404d-8b2e-ad2f84ce98bb,638d04f9-f6d3-4b96-85ec-dbdfe00488d6
b6a53bf1-b3e5-4719-9b3a-38cfb88a27e5,32ddbd32-a0fd-449b-9003-5866aaae8bfe
16c69b73-ffc6-4fca-8324-9f9947e1047f,57393283-9a0c-4de1-8248-e8dc6506ea22
7fac07a7-9514-4752-8d54-d116f077fc41,eb871142-70ad-4457-bebb-bcda2224fb8f
d8429c53-abc2-49cc-b347-7fae7c1f0a32,57393283-9a0c-4de1-8248-e8dc6506ea22
0321ff03-e0ff-457f-9ab9-aa353cfae20f,4f63fb76-131c-4815-a8c5-c7bafe3c0ad5
6e2c2f39-ee47-423d-9ac9-316c5c87d084,68f7b5a9-c458-412f-80d8-240d3b369f08
5ad441c1-a65e-425d-9705-840bdc38cab5,ab1140d6-f232-41a6-9a35-05a73b204d56
781b7ba4-2abf-402b-b5fb-ce895874486c,31b0aa57-b98d-4607-9b5c-0a1496c3e571
1d11da76-68da-409c-bfca-bbe34dcd2d2d,d6de52bf-1e56-4364-b3c2-993f3d748ea7
e708e9c5-e10e-4f02-8770-d79b4d03fcea,c730e821-57ab-46d0-8117-d6c2b2a459d9
92a9d9bb-22b6-486a-8d32-544d3267c448,7468d85f-7495-496a-b8b8-3aef95c5a3d6
55d61568-ad6e-4ba8-96c6-c061bb627896,e07b9073-7ce7-4a24-896c-d25248461714
fcb70de8-ce40-4d5b-a391-b80fe9e39186,4394da81-1305-41b5-bed2-ac619348692d
ed6b4f0e-7dee-4535-bae9-3e0c404ee51b,ba6e1b6c-6d64-4f76-b6fc-a3c1d40e1f1d
74276fab-8ab2-44dc-8813-c3e8cb2e0bd9,e15b9629-2a1a-419a-a845-68e9a4236543
54440b03-0e47-49c2-b7a6-8befa86a1a60,bfe18d60-d9cf-4d86-9122-e1c97abb114b
dbaaeca2-498f-442c-8e2f-532aee5d5648,e918f7f9-d58d-419a-9730-db75a094060b
1af51c83-d281-41ba-8e7c-a4b21d21a06b,3fd17ca9-16c4-44d8-a55f-6b12443a8da2
3bb73beb-7874-402e-bbac-b61f368c7e44,2f866a8a-6083-4755-9e22-873b6a9005d8
2096f2c2-8f2a-40a5-a905-eba39f9eabd6,ed864dbd-6e10-4000-8fa2-f60027d25a26
a3e95273-ae46-4355-a5dd-2d568a0087b2,4373823b-ab8b-454c-b875-a99e6d80346d
e8c0352e-99ea-4655-b2b8-01ef42092f85,144a324e-c8b8-4789-8d48-42f7afe87dd1
cb06667f-ab62-4082-bd1f-654839f7eb98,6704a3a8-50c5-41a4-a85c-27034c5fca04
398000c8-9fc0-4ef0-a2ab-d289b2b11f0d,79f278aa-d8fd-42d9-8bb1-ebcc7c1c94d2
dc1528ae-1435-468b-9992-87ca8c170551,d8f09678-e1d9-4e27-99d8-ba0cbd5c0d1d
fdb77445-ae18-4de8-8ad5-46a8eb1b3bf0,cdeb2430-4920-4648-9b04-2fb1093a4f84
881b1ce0-9f03-483d-9e85-75d5a11ec8ad,d0a1920d-bbae-4e93-a73a-6743be4b1316
68686b2d-5bad-4639-86ad-80f9ac37262f,d6e1edf2-5e42-49ca-957d-c340df0e7c39
a94f2e8a-6922-4178-a6db-8d508c9e75c7,db108a55-291d-4347-9f1d-8bfcd7c3f28d
87ab64a9-6aaf-41fe-90a3-5e452a2b280a,38f16a65-ff0b-4894-8204-30ce8331bbfe
b6427c93-ebcc-4ba0-b1f6-7bc2d85a5a59,638d04f9-f6d3-4b96-85ec-dbdfe00488d6
1586ba25-f984-4925-ae5d-a9f579f83641,a423ac79-0f88-4c52-bef5-342ab880a8e6
4cdac1be-f8f1-4e7d-b31c-ad754c5c6e7a,23253ea9-93e9-4161-9f2e-9c481abaa50b
2ec23f61-a519-4cb0-b6e4-b1213b4cd356,31b0aa57-b98d-4607-9b5c-0a1496c3e571
14685fa4-783f-4126-a562-6485fceba97d,c420b919-bb40-4959-aa7c-8d358a5d5ce2
2d6a214b-042a-41f3-8c34-9ccb4331cec9,ab1140d6-f232-41a6-9a35-05a73b204d56
5848340d-b5ba-4ebd-9e2c-4a600c20c6d2,67f7b859-dc6f-4f17-a7c6-68d8909af44f
cc16af7b-1c0f-442b-abb8-c3dd2e0a5208,ab1140d6-f232-41a6-9a35-05a73b204d56
7511e837-42f6-43e4-94c6-532ca44ba301,0e62d51f-dae3-4cef-a682-214c1cc86741
2ca484a6-4106-4ccb-8471-87225cc033f7,2fc9300f-8456-44fd-9833-583ccea3aba3
8733b9da-bbfc-464e-a0bf-10f99c14d4c7,bfbbad21-89e0-4599-aaab-1dd368f5ae81
73a0d985-7fa1-4548-b26f-7c421003da45,3f57ef2b-1533-4b80-9a03-dcccbabed0a7
6a6c1a0f-fa1c-4386-9fa1-6b3a189107dd,515d8ce2-d51e-4adf-8aec-e6e577e4803d
597a5b2c-4482-47fc-8e65-293b7bc956c4,b349a5d0-abe3-4623-a43f-54f6ccccd3a2
b06185d6-9b73-43a5-adfb-de3fbaac1e5c,b1ffabaa-982c-4cf5-9ccc-9c67dcbc3894
f5f4d8fe-52b9-43b8-a45d-d2b4a9acd0ca,4373823b-ab8b-454c-b875-a99e6d80346d
7d00a6af-1799-4f6f-92ca-b24a8249e2cb,c892c07c-d424-49a5-9058-d20b35fc9393
aed72df1-67b8-4552-8d45-809f768004ac,7d5f2bd7-2ac3-4067-84cc-f2d7f21317aa
0ceab98f-e256-43a0-b60c-894720648bd5,3aa3f374-331a-4827-87cd-7445b5e00c19
815a5d89-ac97-4456-8684-77a35d0f10be,7b7d2776-b35a-462e-bdb6-1623fd451864
abe358bf-0230-439a-8648-0d2432cf2ad2,80e63a19-bd2b-462e-99fd-f8cead96b993
508a9973-e255-46f0-8255-a164bb7c3366,898a86bc-73aa-440b-b921-73e333efc0d1
c7e88b55-2a6a-44d2-9864-ec29c4dd182e,a278ceb5-5500-4a0e-9c70-5e6b127b09ef
df22cd8e-6a70-4d64-8924-5887da926b30,059454a0-c0f1-4815-a4db-07a74df90e9d
1db4b0d0-d8ef-4499-9e00-c9a98c6a41e8,1ffc8797-dc1e-404e-9a63-721634947203
b3721092-eb69-435e-83b4-82deba24883d,c4b3ed73-ca3a-4e63-b709-c96837c0bcc8
119064e2-f3f5-42fd-b12f-9f02fbf56031,932050ef-79a6-444b-a349-0989acd08a7b
ed297520-54ad-42fd-b9f2-ad1f80746716,249f80cb-bd0c-4592-ae95-6ff5efbc9a5e
f232c275-38c4-46bc-8395-c0b46a3a7c69,e1928d8f-013d-4f55-9157-8475b35c4b79
bc28d6b0-f192-438f-8143-9001ceb59e6f,656b7464-1ba0-4a93-aa8e-0a4b103c7bf2
522b89dd-c553-4f4a-86d7-2b4f6a110397,6c1ee0fe-b7be-48e1-87b2-763e27a995e9
c7717c31-e792-4a12-a10f-99d244890c51,457032eb-2915-45aa-8393-b6989f67d560
0a3cfee6-4f72-4d2e-9865-30e0e3c8b3f8,6b79c4ba-bc80-4d01-99c0-ee621f38d32c
c09c9f53-2cbd-4fcd-87ba-319ea2dd01fa,d5fd4dbb-88d9-45e5-8577-0e9bfea03ce6
768e992b-34ff-4506-a1db-eef9bf9c223d,8b0c2a50-3bc0-4125-9d31-ff3220d0480a
7e279fd5-2783-4e19-97f7-8e4cc022a1d9,9acb594e-13c8-4f6f-a169-0c1c55a2d118
b82cebf2-edb3-46fa-bb8c-b89df1538b90,9eb4e3b2-2635-4b3d-a11b-e74cafad2a2c
00881fe6-a0ef-48c7-95f3-a48f1b0baf62,43c838af-d609-48dc-9d6f-1aebf9371ff8
e490a534-2871-4b2f-9891-3ab32266bb60,66d358fa-151f-400f-bf74-8805c471a834
458f67f4-5073-41d6-876e-1aa82a4fe6b8,a423ac79-0f88-4c52-bef5-342ab880a8e6
a7b6cc3d-673b-47b7-853e-23a4f0b378b6,3ba0f8f7-d29e-4396-b4f0-701b4dabae44
2f6d12dd-b132-4a98-bb0b-58ea452d412e,1507c897-52e3-43f8-8196-fc4b920410ad
4c1df3ab-2c62-481d-b02d-e6898977e571,ed864dbd-6e10-4000-8fa2-f60027d25a26
88819c27-76b7-4af6-a7e0-2f1096671d18,5a1c831b-bb82-40fa-8705-1663183922f4
5e995bb0-1c53-4e53-aaa8-bf8106da1b00,c6a2ab86-7f95-433b-bffd-23206d2bce3e
61f1c780-8f6c-4d34-af31-015db8d7aa52,280374fa-c9c5-4be5-962c-bdc6b26afe54
f2b5c9f3-8d39-4e97-b4b3-1dacfe69a3b0,1fb4f27a-0680-470e-811b-75b70114a58f
53304df7-862b-4e0a-a2e5-b714aed724b4,95ba68cb-295d-4dd2-870b-554159be0d7a
f7e3996b-0d65-4ff0-811f-c3819443df8a,32ddbd32-a0fd-449b-9003-5866aaae8bfe
b3b9b689-9724-45e8-b5e7-d5ae18b461a3,a36d58f6-16bb-4761-8b23-295c02f636c9
30f03ac1-23d7-4836-a5e7-e04de00297fa,57393283-9a0c-4de1-8248-e8dc6506ea22
79db755e-2af9-42f2-8ad8-74164e262c8d,869bffc5-1e17-4937-b931-70e4c9964f6e
d4d20745-e8d6-4e2d-99c4-ddec6b055d2b,a4dc446a-78f2-4632-a602-56bc2a462643
cf13c0ba-0f5c-4899-af24-a668fb8f1ae0,95ba68cb-295d-4dd2-870b-554159be0d7a
b7560501-e680-4614-b0ff-855e13792a4a,8d0f21e5-97a7-4113-b96b-8e6e9c646d94
2b343c86-81de-460e-a825-4351ef503fee,af76da7d-f9ea-4daa-a674-73ad814507b3
603d61c2-8d20-4e80-ac88-9017237ace33,0b851803-3cc2-42cb-b39c-f8cb533c259e
ce73363f-4058-4808-a768-4de5f535cccc,0725b9f9-1d32-4b39-baf7-ce6b922509f0
f70ebfcd-1c12-4580-b4cf-e09a57b88d47,2733218f-ea49-442d-bee7-9973b8d57513
55101e34-5308-4e8e-b223-2fae35cc18fe,290b7352-66e8-4294-aba2-f16e8ce7b6be
0b8662fd-c27b-4461-a268-05ac94af4730,83053dcf-c982-4f2f-a973-446c01c39d9c
8e30b77f-15bc-443c-b6b0-84a21399d258,ab1140d6-f232-41a6-9a35-05a73b204d56
6e684da1-fb52-456e-8ba5-6d909c7a102e,3e6f7b30-d497-4b5c-8be1-ff79bfee7aa2
bbc7c62f-edc0-40f1-9297-60e172fe15fe,25096a38-9429-44c5-a169-2e6454d2e8b1
08857a04-7a33-4f02-ac61-02c8cbd94f96,14d000f4-9c14-4afd-8c6e-52fe4cc78c7c
e53c8c64-dab0-48ae-aa5a-93090747247e,0f132c4c-a000-4005-8cbb-31ed474561ac
c9b9f342-98ca-4275-a81c-a869b20b0197,7e6c7f6b-0486-41b3-9840-5a7ffc4cbf99
b6172481-a362-4da6-8133-9bdc3f29b896,ca5fb460-0253-45da-8026-03da00bfeac6
abb9359e-30fa-4813-98e8-2d7c6b800f64,318d3243-2775-43ca-9ce8-52b79bb0e9cb
9cb412a5-ee58-46c4-8810-d7d355f76834,4dd54e92-3340-43d6-ad7c-b4f5c5d6d72b
8ff48521-33b1-4a9b-9200-e5f303d40eab,95ba68cb-295d-4dd2-870b-554159be0d7a
aeb43be2-85e3-4d77-a04a-d24b1ce3e551,af7b891b-83d4-4416-a365-5d6cce74c3d1
51940b3e-61c2-45a2-93e5-4a5764d598ef,ea6110f1-7562-471c-b66d-cbc858c4faa8
bfb3f8d4-c8ad-43be-b563-82b01dd540c4,4f4091f8-e5b7-4cc0-859d-a3af5f73dd95
32101307-29b8-4b2c-b438-1e34774643e7,4f63fb76-131c-4815-a8c5-c7bafe3c0ad5
df6a27a7-2f8f-4a7c-978a-40b673e192f3,0865d27f-8bb2-4a6c-b6f6-286b629ba354
aecfc7c7-3a99-41bf-9a4d-e1ba82bbfee4,e65f4a4e-1f19-4a23-9b95-78d7a88edfc6
172f200d-0905-4df9-a754-c1ce0355b631,290b7352-66e8-4294-aba2-f16e8ce7b6be
d4c0e0db-cd3d-479a-a27b-7cf706ca52d8,bc034acf-e020-400e-894b-1260b7bbea4b
103b1253-6df5-47c7-b713-67d84ac40c7b,898a86bc-73aa-440b-b921-73e333efc0d1
2ee3f4cd-cbd0-4a54-ad10-a5f840677358,6f80ceea-2000-484a-a629-12b05da8eae6
99d52654-104a-4c2e-b262-773c53c59d37,8dec0be4-e479-4b5d-8aae-06693e0938ee
681d524a-8096-4b8c-a92b-9497075cd6a5,a9e514bc-b610-49a0-9b4c-25583ba55784
15b039f0-62c9-40bf-8474-f45965d23f46,212cf0c3-4c29-43d4-a79f-f1e92b1f3939
cc041efc-b73f-4716-af90-896a054843b2,4d065362-9b94-4c63-9d16-e8de0d98f82e
5e178037-778a-4bde-b330-a548148fbf8a,eb871142-70ad-4457-bebb-bcda2224fb8f
8af2d667-8846-4843-924a-dee0f0b466c3,4d065362-9b94-4c63-9d16-e8de0d98f82e
0a58df04-0dac-4205-872a-404ec3cd860b,b7cf60b1-d556-4cfc-b339-0a6a5dae3888
ff5e8adf-fc81-4ca4-9217-bc9f39b68ad1,557e8917-adac-450a-844f-02fcde5ba7f9
ac2cb35c-1a8f-4574-af47-b28242203272,0f53b8aa-aeee-450a-a0fe-4b0d17fb0946
f3067f9a-531b-4bbe-bc7d-3f7fd475f964,a911c7ae-c15e-42ac-8f43-bc43b7b2763a
e90dec1e-6213-4172-984c-d59b0bc6878a,ab536ebb-3cc9-4390-915c-7474d9f9523b
bb4c83b1-ffa9-4fb0-b665-488bdd2e5627,f72554ac-d80c-4872-b857-dbf784361ae2
9f85898d-39eb-424e-bc72-db5b7678f437,b349a5d0-abe3-4623-a43f-54f6ccccd3a2
273e78e7-c226-4432-a998-762bb42488be,a917cd4e-07e2-4d0d-b2a4-362733063c91
a2f7e22d-6628-47dc-ad89-d7e2ed1e3e4a,029dbae1-e587-4a9e-bfc9-32e8c99bbee2
36c39609-c389-41d1-baba-488abe45d713,7780c75f-7016-4fed-8563-d9924adb4d97
4c378be5-2ef7-4e3b-9797-0d4fde3181f3,73678284-5a41-4928-9920-3c1057259f0a
f9e31440-5265-4b99-9e23-e3b1efc855ac,3cb98127-1535-48e9-ad8b-be149cbe56d0
f8b5c35b-912f-438d-8dd8-2243b6be124f,0f53b8aa-aeee-450a-a0fe-4b0d17fb0946
d6ec7f8f-d310-484a-9d67-6fc64df20751,ae644c7b-7774-421c-a92c-26b6bacbf835
bde8eb40-2dd9-45ae-9395-7b516edc28eb,59d12925-f8dc-480a-84f4-2b7523e1b1e4
ec11460c-b01e-4478-b07f-2887a1f9fd8e,adfd32e9-0da5-437a-9ad5-2037222ab677
f88bae70-d569-4a98-9905-f280b80784fc,38f16a65-ff0b-4894-8204-30ce8331bbfe
1ccf90b2-8e03-4960-bd67-201f5a289b07,c8208e28-e92b-4656-a5ad-d2cc3af3fee5
b63fef26-8cd8-442c-8205-6b53850fae33,a36d58f6-16bb-4761-8b23-295c02f636c9
260519f8-0875-41ff-852b-3e2943c6537d,212cf0c3-4c29-43d4-a79f-f1e92b1f3939
0dcb8df4-557c-479f-b149-420bca2b3b17,4ff4d51c-193c-40cf-9951-7365b9ca09d0
d0f63cb3-4111-4ae9-8dde-07cc6d917679,0165a8f7-1cfe-45fc-9ae2-b21b504f10b5
774c6886-c52e-4322-9bc1-01c5e755fe2c,c396eb51-0b53-406f-9fb2-1c72b6754334
a979a2b7-82d7-45a5-8e91-3430f694ba3e,ca595b5c-f3ce-43cf-8aae-338505d59219
67956b30-593b-4338-9a2e-e6def8a39942,eccd849a-4fcd-45b7-bd16-4cf3831791fa
66c3b9a4-342e-46ea-9395-6706a50b1710,daac608f-88ca-4193-9af9-9903fafd0f0a
480a4ad0-99e9-4fb9-96ef-0c05e8709db7,e6d710fa-4801-4cdb-a9ae-0a366c3b2a18
626494c5-7d27-4077-b8c7-947943207ac9,199c790f-becc-4994-ba25-55eb363752e8
e3e84d72-3536-4c31-ac33-a24a15d00c30,dc12b723-2423-4084-b549-4b75657a2701
4b74b69b-423a-4714-ba58-ac13a188ee5f,2c9899c7-dbd7-4551-a41c-ab6207b7c7fe
3e28d12e-0280-4d57-979f-d5c3ed064ffe,ba8df72e-a537-4732-8314-1a46606f86d9
ab15c280-cad3-4980-98e6-61c4d7d21b03,4f63fb76-131c-4815-a8c5-c7bafe3c0ad5
b2979cca-eeca-4910-b30f-d82da868ad48,a9260f5b-9cc7-4c74-b2aa-e268fb1ed677
ed5424d9-1747-4d09-b13f-bdee160e54c0,2b32b4ec-0c70-4801-8c8c-5921dbcc1c39
c1525bda-c45b-4fa0-8b3f-bf636bc83245,1411d458-951a-4c56-a3be-3b8f65f1d6f9
f864dfbb-8da1-445b-8b86-6301854a1d8e,83053dcf-c982-4f2f-a973-446c01c39d9c
518f14b8-7954-45ab-8263-487a2a2c1902,4394da81-1305-41b5-bed2-ac619348692d
57bbec94-82c8-4673-ab99-07b84bb718a6,2733218f-ea49-442d-bee7-9973b8d57513
26dc1611-3eff-4a1a-a312-771698dca0b0,c4d4aade-3f0b-465a-ac05-d501275a5bc2
a4b7c9b3-d2ce-4948-ab8d-6b72ab845ff8,c40acffb-69fb-47f5-962e-be29fd50b00d
3b57716e-efe6-4889-8156-48f6474c27b1,199c790f-becc-4994-ba25-55eb363752e8
8810cb96-9efb-4b94-83bf-96879f8e89a3,3aa3f374-331a-4827-87cd-7445b5e00c19
3bc6a179-2109-4083-b94d-62c391a194f0,7b7d2776-b35a-462e-bdb6-1623fd451864
56492d25-e946-49af-830a-96f6aeec2d20,bc034acf-e020-400e-894b-1260b7bbea4b
a8e6279a-73f7-4543-8507-8abdeec6bb6b,01d52848-35cb-42b8-841c-bba317db5bad
c62af723-569f-4388-96bb-72a5dbebfb45,c6a2ab86-7f95-433b-bffd-23206d2bce3e
04cde19c-f6a0-4d4f-a294-27631693c8c7,0f53b8aa-aeee-450a-a0fe-4b0d17fb0946
23a177ac-2b48-44d8-b06c-341b143ab4fa,0519816e-4e61-4b34-9554-cbdf0e206336
e6f2fc58-a854-4560-9f50-6c19c082dae8,4980f12e-4a55-42a6-a5d1-4af8aff470e6
32430715-23ee-4950-a32f-3fbae934a6b6,ef54758a-b036-451e-ad3d-ced72999261f
80ccf6b2-d3ae-4d6a-b631-0656e129a666,6ad27180-fc83-48db-bf47-d39c98b6c338
6998e59a-4d64-4fc7-9248-c1b368de8878,6ab2b863-02c5-47d4-aabe-232648a62747
1603d3de-ef2b-4915-b1c9-04dde76d4534,05edec24-68c8-4878-a7be-9be4d6bfcf0d
0ad83bd1-ea9d-47ba-911c-b57f6bb3bc07,112794a5-aaf7-4283-9557-ed16e544b15e
f82a8c66-e8d0-4f21-a32d-86826831b8e1,01d52848-35cb-42b8-841c-bba317db5bad
f39f0161-8b32-4d8e-b5bc-4c83a27a52a7,dc18c9ff-8d97-4f3a-a7e7-b5fd029bdd14
f4c31b2d-d036-4122-aaf8-f9fdcb0d3789,bb73be68-7d85-4c79-a27e-0810c186b7a5
94914b32-73b4-491f-8af0-bebb476f20e9,64441c3c-ad68-4218-8c56-bd6e33402f4f
70103c75-23b9-48c7-b2e7-5ae1e4518848,552c23a0-183f-40ff-9b8f-dc098421a44b
d6d2f8bd-b74a-4be8-9216-2b7182f4522c,09bacd28-5cef-4668-a2b1-515650c41f14
e0d13e25-c669-479a-b19a-c1ab40c7ba63,0f53b8aa-aeee-450a-a0fe-4b0d17fb0946
99bb772e-e7df-4cf4-a24e-e2403322fdea,ab536ebb-3cc9-4390-915c-7474d9f9523b
7dcfec3d-26fd-4aa0-952c-0b0ce04de7b2,515d8ce2-d51e-4adf-8aec-e6e577e4803d
0b4d1e2c-6fa6-4fe1-aaaa-e068d24c64a4,7b7d2776-b35a-462e-bdb6-1623fd451864
87998bf7-e84e-43c7-a9e8-a7ac2271685a,b7cf60b1-d556-4cfc-b339-0a6a5dae3888
ad451ece-cfa1-4d1a-8329-13d9e8de08aa,9036ff7e-e258-4dd2-9064-5da767cbc2a3
5403e842-aa29-4fb7-bdad-fd6b6af3fa16,3e6f7b30-d497-4b5c-8be1-ff79bfee7aa2
53de453b-982b-421b-a452-032f9b5702ca,11283863-6d59-4f47-8413-7e1212ad5848
98842848-bbbc-4a75-b5a9-308ba441d2ec,74593f20-ba36-43ce-a979-153e7b1eb266
ab4ba562-6513-45a1-bdb7-8ea2a20984e8,33e1e846-cbde-4ee0-ba1b-8389789fc0b5
cf8e0468-abd0-4852-85e4-d0d1f2f24cae,ac79dd76-dfdd-4aeb-bc30-8490455ba030
9b5a63f6-4c21-4a2a-8c76-b301dded5fd3,b349a5d0-abe3-4623-a43f-54f6ccccd3a2
b5c6f381-81e5-4ac3-9ede-c95e9624860c,a8f8daff-9d1c-4512-84e0-9ab0a2db67f5
d5af581c-6337-4078-b32c-bdeeb6887ae1,30aafbfc-a309-4bbb-84c1-be67bab8ec4d
60228a8b-4af1-433c-bf08-40af3a500e7e,3b8fcdb4-75ad-47e4-8bc8-cf8d462b8a10
11254e0c-daf7-4fdf-a689-43409f0f595e,d0eb88c6-4a7b-4a8c-bea7-21ff8ef9a4e2
ed8889ab-ce25-41db-8244-be4680a3c7fd,fcf37097-d2f9-4fde-afea-7cac1c1c094b
23100664-3cec-4eae-b03e-36fc570c8625,508917a5-0bc5-4f67-a8eb-590eed57c373
c9bfe53e-4e34-413c-901f-1298fb037e75,486b8377-c576-4ff5-92e8-6de20ee23754
3b91236c-3493-45f4-9a1b-fde9575212b0,860e0834-0d86-479b-8f8e-32a8ccf0d356
da237fa2-47c8-4739-94df-eada63784617,ab1140d6-f232-41a6-9a35-05a73b204d56
e0cbdae7-66ae-4a85-b926-267a388cd9e1,a423ac79-0f88-4c52-bef5-342ab880a8e6
dbea0f2c-e7a7-4e1e-a8eb-2c61e3c8af32,31b0aa57-b98d-4607-9b5c-0a1496c3e571
49a6ed8c-0587-42e6-ba3f-4cb9aba85430,644c43d2-43fe-4fe1-a98b-385ec97e0a3f
6a2b053b-74c3-4020-973c-e0e40fbe1e81,d940a8e6-b977-4cbb-9972-02995710b730
1be421e7-a07c-4a81-87c4-6e186ae7bd2b,ba6e1b6c-6d64-4f76-b6fc-a3c1d40e1f1d
a61e9872-8640-4bc7-bb86-e5e9a8e6f4c6,486b8377-c576-4ff5-92e8-6de20ee23754
fface401-3cf2-4678-a1e6-03da9a84f43c,8355338e-e703-467d-b3bf-51ced12f357e
28f208dd-c247-4c4e-8305-e48dacfc6230,2733218f-ea49-442d-bee7-9973b8d57513
0f667ebb-63ff-4d5a-a002-b9f1530e02e2,b5f6ea5a-608a-41ae-ba65-bff41dac9c03
29595c0e-9a76-4e27-a691-faa520871201,8b0e0a6a-0467-4604-b415-069f2c11198a
cf78c693-6262-4aff-820a-aaa0ba2916b6,d6a56794-37ec-433b-80aa-4998755db089
f17fc82e-1213-49b9-b83d-870c17e17ec6,c2205631-7cfe-4ba1-b9c7-4c13ab9f39e3
de98b961-d959-40f2-b64b-8e81f829dda8,b1ffabaa-982c-4cf5-9ccc-9c67dcbc3894
3a50f1db-b453-4211-930b-e2b8992c8b8d,bdc53e32-e83e-422b-ac3e-c7c6d76ab73f
d53cdeb2-90d7-42f9-ad6f-044a52dfee9f,9036ff7e-e258-4dd2-9064-5da767cbc2a3
60208d41-cb02-45a4-b695-dfab3395a37b,82a78c40-2f17-4cf4-bc4b-b16f06192154
b2398d6a-3af6-4b2d-a383-fab14229c8fe,f25b6184-c379-4e1c-9900-f563f78da2e1
09c96e28-c46a-4801-bfcb-96cffdb92761,fdf0223c-ee99-4861-93c7-179993b3d95e
5ea1898c-aa46-48d2-99aa-069374a86766,932050ef-79a6-444b-a349-0989acd08a7b
a6d0771a-57cb-4792-bc57-0c2c14ffcc59,6b158748-2e47-48aa-9b37-ddf556d1ddf0
c5f03d35-55ae-4661-9c88-c2849ae435e9,c40acffb-69fb-47f5-962e-be29fd50b00d
45d9705d-23d7-4d68-ba44-a3b7b4807d0c,4ce98431-749a-4396-adc3-4835072c8f6f
b05511da-2455-48f3-9b56-c0bed2774eec,ed864dbd-6e10-4000-8fa2-f60027d25a26
52278c85-3313-4c43-b77c-5c8c7e8c14e4,34b9c278-2263-433b-b0d3-b0a43465b01b
50930a7a-e145-45ed-bd99-c836a5f46069,bfe18d60-d9cf-4d86-9122-e1c97abb114b
8eb056be-5f62-471b-b28e-968b15cee4f5,ab1140d6-f232-41a6-9a35-05a73b204d56
476fa648-33ea-4262-85a3-33390eeea0ef,b7cf60b1-d556-4cfc-b339-0a6a5dae3888
0cf3904c-139b-4e1c-8af3-08a2104231b8,1dcf56d0-5255-4f85-9ed0-d6fcfc24ede2
7c1f63ea-f2b9-4f14-a443-b3a84a9f4347,1baf0c8a-d86d-47dd-8b6c-a313284bb520
40a3e89a-e1b7-4a13-8d0e-2dbec60f2bc4,5a1c831b-bb82-40fa-8705-1663183922f4
c937c144-2e6d-4052-9432-8b0c742d13a6,9e28ba7a-8bdd-4228-93d4-fe8edeb1260e
ac48613f-6c75-4efe-a188-1a8c0576f673,31513288-8c3a-488d-91a4-7fe1609eb9cd
870773cd-54b8-4e4a-84b3-7d50a92af90d,b813624c-6e8d-4127-9517-4a2c52787365
de3e99f2-a26e-4a3c-aa4d-0428e33cb329,0519816e-4e61-4b34-9554-cbdf0e206336
3cd99f58-49b3-4889-a711-8031834eead8,39ba97b6-6a67-446d-8748-342bdd770841
4dc2fa85-25f8-48d9-ba95-dbe9e3b0f78b,702a4eea-9517-4ddd-bc8a-f320ff2f284f
93fe6c55-6dd1-4b1c-9e1f-36eb5d979c8f,95603ce8-e579-42f1-855f-6537b096741e
98d9997d-5f8f-4707-b525-d3617f786cf2,457032eb-2915-45aa-8393-b6989f67d560
8e3e42fd-00b9-4418-b42a-0c8d5a060aa6,b5a1cfdc-29bb-4a16-8b57-0ce474e35650
d2fff02b-1b32-45d7-bad7-8e4c3696901d,a8f8daff-9d1c-4512-84e0-9ab0a2db67f5
38b47862-c932-4e3b-b646-6159f3633102,860e0834-0d86-479b-8f8e-32a8ccf0d356
0c726476-38cc-4012-84e1-b60d3748443d,c4d4aade-3f0b-465a-ac05-d501275a5bc2
cfcb7d84-09b1-42ce-9638-c8d91c5c376f,2af50665-0005-42c0-bb5d-87e24e2385d7
d0e8c396-b9be-42dc-a9b3-8ab317594a38,a0ecb144-5b0c-48e7-878a-24934e8f85c5
740acb37-e925-4f7a-a4b0-a4e1da6a72f9,d3d4fe28-25c4-4f34-b46c-985b0721d492
caae2409-ccf6-4fa1-b888-7562f760eca3,45e20450-bf12-4f9c-86e2-b346a9453c24
d21d6884-7d65-433f-8da1-19cfa3cb7a5e,2fc9300f-8456-44fd-9833-583ccea3aba3
dc5cc3ce-3df4-43c1-9dc2-47f6110b989b,ed93c965-d2ea-4129-ae0a-98921569d0ea
f8c9a383-1d4f-4af2-ba35-96f00c77d114,3a3c83a5-5a9b-4349-a0ca-54091edd08b4
5fe5b3ab-5cb1-4ec3-83e4-116380b3b619,57393283-9a0c-4de1-8248-e8dc6506ea22
6e703eb2-aabf-4a9b-a571-abccd426883e,8ffdaa5d-8e1f-416b-8643-4f1622565ba4
dff53d36-0f6b-47e6-8fb3-139ba669f453,cea399ee-2ab8-46a4-a770-434616992fed
82a4dee8-76fa-4ec5-918c-182492e10c89,6b3279ed-b8f5-4ea8-a25d-d5ea0df0495f
50cdb4b1-23ac-4dd9-a803-435b30416020,05edec24-68c8-4878-a7be-9be4d6bfcf0d
9c59c853-1fba-4dcb-b75f-b795f9919a96,7c2b271a-ace1-460b-92a4-90b92a0863e8
22dbec4a-31f5-415a-ad71-e13fd516b230,d0eb88c6-4a7b-4a8c-bea7-21ff8ef9a4e2
8034bc6e-6493-4b98-89df-e9ee9b65cd3a,2fc9300f-8456-44fd-9833-583ccea3aba3
9acb66c0-e00a-406e-9aae-00af56f6fe32,2655c1b6-06db-4dc5-86dd-988671b98b90
278e8358-8de7-45ab-b80b-1676df6a5bd5,34b9c278-2263-433b-b0d3-b0a43465b01b
b110ee43-aef0-497e-bf96-f4cd6a945de5,38be0b11-dab6-4108-b6e7-edeb3204d651
4378550f-a182-46b2-934b-b7e669f7e4e2,4783d0c4-a40f-4928-bccc-db7b8a602fdd
7ce1a1f8-d4a3-4b69-8def-9c8b9929f240,d179ba2e-ad29-48b9-9fc9-4a7dc7022435
bf23b0d3-969d-4b8a-b0d8-8170e4eab394,9431ea5e-673f-4de7-84ca-b314b7bbe006
f88a374c-7db3-4d93-92d7-294cdda5a848,932050ef-79a6-444b-a349-0989acd08a7b
81498961-7b09-4c08-b5ba-870bd20d3015,17770709-9767-405e-9066-ee3e51b92da2
20c84e12-cd26-4c34-bc8d-dc1adaf970e4,4d065362-9b94-4c63-9d16-e8de0d98f82e
344d7039-1e16-44e6-9c3e-328a0e0e7864,83053dcf-c982-4f2f-a973-446c01c39d9c
92960868-779a-4238-8a86-fe001158f317,4f63fb76-131c-4815-a8c5-c7bafe3c0ad5
c19b019c-5cce-4885-a45c-528a8d954be2,f7193b95-8c8a-4744-934d-6af6068fd0dc
45515ee3-013d-4226-a1a3-68f5d585e4d8,112794a5-aaf7-4283-9557-ed16e544b15e
45fd3e9e-af99-40f6-8b31-ee6c80f0c513,d2f6d766-3b2d-4abd-a0b0-adbcae3ea1b2
57250024-ad38-4f5e-973e-9dd8f79492dc,66a4d82b-2dee-484a-8a71-77fe95a27277
3923a6b6-22e7-43b5-8f9d-d3462492fda9,e9643c57-d469-427d-b3ba-a43d57055a05
7d4bfa83-4425-42b0-a844-6da1209d1acf,d729a036-f859-47a0-824e-3b39275066fd
d874b299-585e-4a1d-a0e7-12f590871281,64441c3c-ad68-4218-8c56-bd6e33402f4f
1a41e8eb-8d53-4808-8989-730bb2303322,d067008a-1800-4320-8dd0-43bc8b8592e6
508b3319-69cd-49c6-af61-25f1f29c3186,e07b9073-7ce7-4a24-896c-d25248461714
916678ea-057f-4c78-abd5-e0184d5e7caa,34b9c278-2263-433b-b0d3-b0a43465b01b
dad989ff-7de3-42f7-83e5-496efcd0e904,606f872a-3bba-403d-8988-7a54d260ee43
534095dd-aca0-464e-8e7f-8ab43952dcf9,2b32b4ec-0c70-4801-8c8c-5921dbcc1c39
706de26b-012e-4813-aef6-34d62e349aaf,ef54758a-b036-451e-ad3d-ced72999261f
4f140ffa-0984-42db-8f81-019b69f640ed,4ce98431-749a-4396-adc3-4835072c8f6f
64b31f0a-1110-4fd9-8a61-7b430ae8b07d,082fd45c-b8b0-46db-b7d0-72c6e06aedec
6fdeaea3-0283-46bd-a52c-d37f06c27572,b669aff4-a96a-4cda-9a78-ca9c62020f04
1d11f2a8-434f-47e5-8408-0eb43c72bb6d,898a86bc-73aa-440b-b921-73e333efc0d1
049e9c13-30b0-4c3b-94e7-6decdf456fc8,a911c7ae-c15e-42ac-8f43-bc43b7b2763a
670895c2-ce44-432a-af3f-5e3a32a42393,96cb4a31-fa80-4c00-b265-3a3a0c228b5b
6e589a5a-853b-415e-80f9-090187a2c6ba,554b664a-d63c-4a18-8367-87b975c0aced
2686abff-6d18-4775-a8e3-c10f4a2f0dcd,c2ab261f-83dd-43e8-ac62-e5dbf8e3316e
2c9eb419-01fe-48f6-834a-6f8d8a2eb903,38a543fb-e2f3-4df9-aaee-8c770f475331
a251f3c3-d65c-4f9a-a7f8-05f1394de451,da570a6e-8662-4629-9038-01b04d367ad7
c19698da-78e7-4460-abd2-2b07a3058c9a,45739f22-737e-480c-915a-b5ee4d58e11d
9a2bfb85-dd75-4165-aa83-e998019f3c07,33e1e846-cbde-4ee0-ba1b-8389789fc0b5
7b6229c1-5c17-4d3b-b34a-682cfb9c44c7,1c115e09-e5be-4854-be96-4d3604d0c9ea
7ca08526-e6e8-420b-b529-b91bc7c16247,d2f6d766-3b2d-4abd-a0b0-adbcae3ea1b2
8fa7c990-1edd-416d-a13b-a6480e95ddbb,c40acffb-69fb-47f5-962e-be29fd50b00d
3e882216-1dd7-4194-ba37-25f82a594064,1dcf56d0-5255-4f85-9ed0-d6fcfc24ede2
b5be6e75-7cb3-4781-ae26-22be96b7872f,3a3c83a5-5a9b-4349-a0ca-54091edd08b4
03941683-1013-4198-a561-c9b6f8c83175,e84c4183-c460-4c69-a47e-0b1d7de01a34
44555eb7-c64d-4eff-bdee-c1d4ef20e7c8,4d065362-9b94-4c63-9d16-e8de0d98f82e
73f479a9-0251-450a-9d45-80f6451b53e2,09bacd28-5cef-4668-a2b1-515650c41f14
24a40a53-2ff8-4e5d-b80d-d01eb61bd2d7,4812c2cf-c2ba-4a47-bef2-e2b87dadad71
bf881ee4-26c5-4e56-8627-9b792313470d,da570a6e-8662-4629-9038-01b04d367ad7
515d1b0c-1a42-453b-abc1-12ca6736f28e,cea8b221-0125-4536-b7f1-301e4fdca519
046f7897-334d-4594-9eed-0c8c83c1f79c,0725b9f9-1d32-4b39-baf7-ce6b922509f0
2decd198-fb05-4e71-9152-2786a512c05c,4980f12e-4a55-42a6-a5d1-4af8aff470e6
369babbe-f86c-4558-b105-40fe24211876,14d000f4-9c14-4afd-8c6e-52fe4cc78c7c
6bc19a31-542d-41ed-8173-ed0ab88ae68b,43c838af-d609-48dc-9d6f-1aebf9371ff8
75483911-3b34-4f4d-baeb-f770e4101957,45739f22-737e-480c-915a-b5ee4d58e11d
6654b5da-8057-46d4-97a6-16958fd84eb4,112794a5-aaf7-4283-9557-ed16e544b15e
1011088b-1b0b-4aeb-bc8a-20e2795573f3,50b4b3da-cf26-43e0-91ac-0826fab554c9
31e4fe06-9eda-44d2-8902-9353c79962de,2f866a8a-6083-4755-9e22-873b6a9005d8
2ffbd483-5855-40df-8498-87da60a574bd,7e6c7f6b-0486-41b3-9840-5a7ffc4cbf99
be7d91a4-5583-4b85-ab51-554ffc182409,b2355802-7b5f-4f84-b940-3a20d586377e
2e8aec12-45d7-4031-823a-a513e043e8c6,ca5fb460-0253-45da-8026-03da00bfeac6
3049166e-07e9-4573-b8e4-7e6435ee1a6f,d0a1920d-bbae-4e93-a73a-6743be4b1316
d2bd97e8-879d-46f6-beca-5be2406d84ce,67f7b859-dc6f-4f17-a7c6-68d8909af44f
e95c9de7-029b-4be7-bb72-abdfcdedd3e8,b8b68711-34ac-47e7-886f-f0d3597ad13f
9ede5bba-e154-4cc5-9e5a-3941edd3ccea,eae914b7-681a-4102-a4c3-4834c1131c73
58e28338-5c1d-46e7-877f-1eb47bb9c1b7,a278ceb5-5500-4a0e-9c70-5e6b127b09ef
f909bcf8-11fa-4241-bff9-57a11d37defb,cea8b221-0125-4536-b7f1-301e4fdca519
3004ce4f-350e-4972-b662-02aee97983eb,63f5b43b-a3a6-496a-a029-42d2d81d0d5c
dc3e01f0-3957-4e16-baea-97ae4c934e75,6c1ee0fe-b7be-48e1-87b2-763e27a995e9
a611d919-ece9-4869-bb1a-40db6eb82d26,c84d45af-3b52-4315-929f-eb397b52340a
234566f6-1e91-4897-be91-ebbeb0b6fd19,500009f9-2371-482e-9e79-1a4d6e9de712
442cca4d-6828-4f6c-a0cb-9306a1263ac2,be6f8c17-54e7-4391-b714-501c1b5a9716
436d4f28-89a8-4ea2-ac09-56e261446478,af76da7d-f9ea-4daa-a674-73ad814507b3
721ea2fe-0c94-42e0-888a-e569d707a01d,4a69c91e-4012-4ca8-bcea-84fee28ffb6c
eb434b82-d2c0-406e-af88-6687e2ee6214,b33a8e7d-21fe-4c03-a957-a9eb189b2d0d
68bc1548-ef6b-4c25-a88a-77fe009fdc4a,7390818d-ecde-4e2c-80ed-0040435dbe43
199145ec-8adc-4eb0-99f9-5bf209b34e14,1ffc8797-dc1e-404e-9a63-721634947203
9d822c01-40fe-4a30-b97c-460a3c28cadd,b606c3ce-a29c-4146-8f4a-463195a3c9e0
ece5e7e3-1d5d-4376-89bf-5f46cd53f747,af7b891b-83d4-4416-a365-5d6cce74c3d1
5498d985-56f4-40ab-89db-673240062c5f,38297f16-d4b7-4901-9101-a39cd5eeafd4
b5541cab-9e3f-4326-a232-3be9ce5874a0,ac79dd76-dfdd-4aeb-bc30-8490455ba030
30d98cff-1684-4bed-b53b-4ef83e7f30bd,534d7a42-1217-495a-9491-c1e20adb2f8a
30c2911a-cd7a-4e8c-9d82-a8a4f0f36cfc,67f7b859-dc6f-4f17-a7c6-68d8909af44f
6300d83b-cec1-4f86-88ca-c16e74ae2723,d6de52bf-1e56-4364-b3c2-993f3d748ea7
ebb4ff35-27d0-4f9d-804a-9430413bb974,e2a45f03-283d-449b-a0d6-82f34e2dc150
2390b534-8dea-473b-b7f8-23be15284fe5,eefa59da-3c01-48ba-9638-22ddc738df2c
3096ff8c-3347-424d-b7c9-694164c25475,38f16a65-ff0b-4894-8204-30ce8331bbfe
5e2fe69c-e09e-4345-8f9b-c5d22a54aaa7,7a60c85a-e5e3-4c69-a54d-40cb6cf98144
84f75e28-24d1-4dca-bce5-6e6a34bf5a8a,059454a0-c0f1-4815-a4db-07a74df90e9d
63ae107a-1b58-4b06-a024-be38921f2876,06f32373-d0dc-4e63-8693-faba04bb146e
dca2cd1c-64ea-4f67-815e-53fd8ddd7485,d5b73f98-1330-4f27-802a-b79afa3d27ec
8956c7d3-af8d-4ca0-8065-8c54c173a897,c5a55af8-8ad4-4a1e-89fd-abb3ef8ad873
090b730d-00b1-4c04-8230-29c667982e64,f3cd7155-fdc6-4018-8065-9e0c4f6c510a
f1c37835-91d4-4b10-a1e1-30c8ef010b6c,f076bb25-fac2-488e-b022-86d0ca50154a
024687da-3c66-430b-b295-a1fe76f9fd01,ee992850-170e-4d27-854b-95d406bb0f49
83c68125-02fb-4a82-80c6-38540ac1e790,705816d9-76d9-421e-bb41-6b06ff5050ab
23aeaaf8-21f9-4831-9aab-e0cc50a07748,4394da81-1305-41b5-bed2-ac619348692d
1ff852ba-3088-438f-a505-aeba76011343,1abfa480-f467-4b0a-b834-66495ddc3649
1cb9ecb9-f001-4d37-8525-bcfaa1fe93b3,b33a8e7d-21fe-4c03-a957-a9eb189b2d0d
7335ed92-9b7b-414f-bc24-b1372ab022fe,b5a1cfdc-29bb-4a16-8b57-0ce474e35650
cba2231e-2f56-44fe-96cf-64007048f297,60d37f5f-e8d1-4368-9f96-6238b6549c1e
0f6e8373-f097-4175-876d-5a6077fadf62,323d9e09-2b68-4c50-982a-302b9b487010
09e16f50-9c2d-4d1a-a2c0-35ba3ba35e63,1ffc8797-dc1e-404e-9a63-721634947203
ea6873e4-40a0-4845-b021-b39605db9b7c,fcf37097-d2f9-4fde-afea-7cac1c1c094b
de582ae5-44a2-4207-922c-32c92269a805,314a7cb5-82ca-4eed-a153-6fd2dccfdb77
f7eff182-3442-4a4e-86cb-2b7143349b4e,1e2bf87e-e6e0-4a5a-905b-4039abc02456
08644eeb-21c8-4561-8acc-501435057e7d,6f44d66e-65ba-46cd-9740-197c92e5e85b
e850b26e-564c-4dfe-b345-bad513dfe39f,1abfa480-f467-4b0a-b834-66495ddc3649
315d0a39-1193-4109-b9b9-ce4f38cabfe8,d3d4fe28-25c4-4f34-b46c-985b0721d492
5eba638a-c425-4845-82aa-ba858f56d6b5,276b08a3-52c5-4e25-94dd-26209af91d20
d895ad31-17b4-47a7-a783-6d7b94eada70,ef54758a-b036-451e-ad3d-ced72999261f
b4c72048-530c-41f7-a51e-edcce13108c5,0519816e-4e61-4b34-9554-cbdf0e206336
0a847d8b-a4eb-4661-a7fd-6c4a1f4fef89,3ceb7945-43a3-4a2c-adfe-40809ab1e0af
9dcca8d9-0802-4df2-aa7b-dcfe902e01fd,644c43d2-43fe-4fe1-a98b-385ec97e0a3f
3592dd59-2641-4f55-80a4-91044e0d7126,4786df93-f008-45d9-a8d5-6503ef1f1bfd
ec9e2874-f76b-44e2-b371-0ea2955f5f91,b1ffabaa-982c-4cf5-9ccc-9c67dcbc3894
f3dfc5fa-e545-4809-aa48-2826ee531476,45739f22-737e-480c-915a-b5ee4d58e11d
4ce32e29-559f-4945-8043-1c011ea52f4f,d5fd4dbb-88d9-45e5-8577-0e9bfea03ce6
233b8189-9dc0-41f5-ba82-230eb3656b9e,e770b7d0-b147-4453-9fa4-094546b37ed2
3e0c35b0-9161-4e09-90f0-35953391a96a,c6a2ab86-7f95-433b-bffd-23206d2bce3e
928c6a6a-e609-40a2-8e07-eab4139b6fce,8811d894-5400-4812-bf26-f3d08e75c65a
11c7e7f8-5ca4-43ae-8aae-004825233de0,a36d58f6-16bb-4761-8b23-295c02f636c9
5ff596f4-67c6-4b75-b1f5-40aa4ce1f0cc,860e0834-0d86-479b-8f8e-32a8ccf0d356
c865f9f4-cc9e-4769-ab34-c33477fbfb44,95ba68cb-295d-4dd2-870b-554159be0d7a
2670eca1-6263-4964-8830-70772395429f,149b7496-32b4-4a5f-97de-2fed88e2f4ee
a78f8c60-1365-4b59-9c5c-e95a823af0f2,4d065362-9b94-4c63-9d16-e8de0d98f82e
015ecf8c-c02e-4770-bdad-0e51ce3d099a,f1e076cb-a01f-432a-80ea-bf6d6a1de354
1b248996-2917-486d-8ae2-060daf92e44c,280374fa-c9c5-4be5-962c-bdc6b26afe54
123cac10-193a-45f1-a9bc-0bb69695ad91,a8f96e6f-e929-42c6-9d09-674a4b84c138
9176c71d-5e5f-4fcf-8f45-c635253efc05,17770709-9767-405e-9066-ee3e51b92da2
6758be61-84bc-4826-b21f-ba9b43b7e098,6e837cbf-96da-4fe1-a88d-f6b4a354705a
aefd914a-9cfd-443b-bb98-ce1abd3f1625,01d52848-35cb-42b8-841c-bba317db5bad
4c854a14-7be3-46dd-aa98-8e1e184f2f93,199c790f-becc-4994-ba25-55eb363752e8
11d6619a-8c8f-4516-9e88-c95ae1a86fbf,c420b919-bb40-4959-aa7c-8d358a5d5ce2
462e6ea2-9a35-4b61-910d-440f5fcfecbd,9dec6601-0a20-4e12-a031-2ba7ecd4798b
6bcae77a-2bc3-49cb-8005-674b32deb845,cdeb2430-4920-4648-9b04-2fb1093a4f84
43122ef2-5a19-4e05-9307-212cdb4f707b,ef54758a-b036-451e-ad3d-ced72999261f
dc0d8b5d-bd6c-4d49-b8f6-4a8e47f1bab4,59d12925-f8dc-480a-84f4-2b7523e1b1e4
59477c8a-e829-46e1-bc33-2bc5c8d6df6d,05edec24-68c8-4878-a7be-9be4d6bfcf0d
e3c48526-61ab-40bb-8741-187cd0ffd724,db108a55-291d-4347-9f1d-8bfcd7c3f28d
d62ec5b6-6d3b-43d1-bfaf-b7182631a036,1ce7fed8-c00b-4f18-8808-95fc36c1ec0a
0360200d-ddd4-4170-8d15-978548251548,656b7464-1ba0-4a93-aa8e-0a4b103c7bf2
0cb0152a-caf6-44fb-a208-f153cc003462,280374fa-c9c5-4be5-962c-bdc6b26afe54
db5d439f-d308-4b71-b0e5-b58a364798ea,2b32b4ec-0c70-4801-8c8c-5921dbcc1c39
646f1432-f1e7-41da-ad48-0bb4f8fa7f02,656b7464-1ba0-4a93-aa8e-0a4b103c7bf2
6a298a07-f6d4-4dc4-9b87-d28890d74311,8aea7193-a037-41b7-889b-18d38affdcb8
a34c5a9f-4e73-4b6e-9ccf-a9d2072f7878,dc18c9ff-8d97-4f3a-a7e7-b5fd029bdd14
a34aeb5e-31a9-46c7-9a90-a4815c1ea268,a8f96e6f-e929-42c6-9d09-674a4b84c138
4657b196-6de5-411c-a329-f75fefaa3d76,500009f9-2371-482e-9e79-1a4d6e9de712
fb2b8526-0bb8-4835-a51a-62f2903c535b,831b3ee4-bced-4dd0-81a0-c70bab1b33b7
ecd42fcd-9b92-4906-bf17-cc557220b15d,a9260f5b-9cc7-4c74-b2aa-e268fb1ed677
91ad3d39-81e2-44fc-9590-b16a65b14b34,702a4eea-9517-4ddd-bc8a-f320ff2f284f
dbe7c1a9-d80c-4191-8940-d14b4e47ead1,314a7cb5-82ca-4eed-a153-6fd2dccfdb77
1204e263-bfd6-444e-9553-79d9c6133335,f25b6184-c379-4e1c-9900-f563f78da2e1
a67f3f82-1252-43f2-98ef-bc107dd61085,11283863-6d59-4f47-8413-7e1212ad5848
cf42bc87-e20d-4718-bd33-8c13deb01616,33e1e846-cbde-4ee0-ba1b-8389789fc0b5
b802b9c7-9da4-448d-bd90-4dfee10697ed,ce057996-813d-4d3e-801a-ba684338c111
154ed2f2-acba-4f9f-856d-e61c5f31fa94,11c17ec0-0a94-4133-bbef-c5406501c0b8
6158d5c9-439a-4d15-8d77-4db2ab5468b2,c5a55af8-8ad4-4a1e-89fd-abb3ef8ad873
0810b09a-9476-4e94-864a-50c0400f20e2,47ad6362-a4be-4184-93f4-0630e0edfb60
2ede6dfa-3052-4b77-873a-d173ffe9f4bb,80cce0e3-0d9d-4a3c-a0fe-cec74359bce6
d9d9aba2-61fb-4b00-a305-a631a2fd4db1,33253001-93d0-4d41-a10d-e2f0c45619d2
48ec052d-81f4-431e-a17c-c3cf75cbf00b,eae914b7-681a-4102-a4c3-4834c1131c73
0c12cb44-05d5-4a44-a70d-cf5af2bfab41,89262dfa-e291-4383-b665-757afbb211aa
3cb9f1f8-ac91-4450-a8df-43af91547a11,0f132c4c-a000-4005-8cbb-31ed474561ac
e93cdb3e-be89-4c7e-af20-ca368d4c44b6,9efa9e68-140d-460b-b707-20b7c79370a7
3ae254b3-9b32-4cd3-bbb6-a8ab5cb68533,e5f2cd1d-03f5-4822-8c5f-340a23cc3f91
09782148-eae0-41db-be26-65afa475b3db,3e6f7b30-d497-4b5c-8be1-ff79bfee7aa2
1e49c26f-a0cd-41ad-a26a-da4d7ad0bf5e,1abfa480-f467-4b0a-b834-66495ddc3649
a051c346-c054-41d0-b526-50a1eff3347c,d05985eb-3892-435d-9f4e-a6c550e09e82
aac7c073-f9b4-4318-89f1-015ddf821907,e9cf875a-0024-4c4f-8f6a-f56fa6cf3b92
9fdffce2-93e9-4a7e-a8c5-1903f29d86fb,dca25077-62b4-4fcf-8c87-8ba18f0c1c56
2d2c7ce5-e548-48ab-b09e-ff4664ed839c,0f8831bc-ec7a-4b0b-a502-27b9124e34b3
72abc071-c829-42bf-9544-ed266d6896f5,bb73be68-7d85-4c79-a27e-0810c186b7a5
a8993097-b023-4397-9fa4-ccac2fa70f14,feef7125-47fb-4ae3-af58-53d781305d9d
67f77356-995a-47b7-a30d-9abe89b959af,7c2b271a-ace1-460b-92a4-90b92a0863e8
4fc74a5f-48f9-4db1-9e11-db5ceee88800,4783d0c4-a40f-4928-bccc-db7b8a602fdd
63c90ad0-8e7c-4cca-ba29-f62a6180c23e,31b0aa57-b98d-4607-9b5c-0a1496c3e571
8a4d8707-cc3a-4f05-a1d6-321945e45ab9,d5fd4dbb-88d9-45e5-8577-0e9bfea03ce6
e7496317-64f4-4ae5-8150-e8a9512bfc29,11c17ec0-0a94-4133-bbef-c5406501c0b8
d29c3ef2-9ce1-4c3a-8139-7fffe1063f52,3e6f7b30-d497-4b5c-8be1-ff79bfee7aa2
3581c01b-7afd-46ca-8355-294076dc340c,96cb4a31-fa80-4c00-b265-3a3a0c228b5b
3db92cba-51bc-4ba9-9f70-0463f778537c,a423ac79-0f88-4c52-bef5-342ab880a8e6
49585f86-7c97-43bd-8e46-e5f7802347a0,c2205631-7cfe-4ba1-b9c7-4c13ab9f39e3
1957fed9-bfc6-4593-96ec-79d48ab6c59d,da73f7fb-7693-4c85-83cc-c9e1339d6dbf
e2e87c02-8e10-4d49-a5a8-f772c1b458b0,7d75dcfb-8b31-4194-b179-34d29e75b870
dd621430-4adf-42fc-97c1-9ee2ad54541f,14d000f4-9c14-4afd-8c6e-52fe4cc78c7c
c1eff57c-a584-4bad-a206-95b527bf5b5d,534d7a42-1217-495a-9491-c1e20adb2f8a
72f84291-f972-4ddc-a84b-451157043bec,8b0e0a6a-0467-4604-b415-069f2c11198a
b0998b34-d70c-43dc-a94d-5cb0b6002c28,d6a56794-37ec-433b-80aa-4998755db089
6670e459-b415-4718-bd69-f91d453c1eb5,3f57ef2b-1533-4b80-9a03-dcccbabed0a7
e67bc49f-81e0-498c-817c-f4556940dd31,7aff5e6f-145d-495f-b462-56a23ffe60de
a1ca68b4-67e2-4cfc-b30b-1e98e48681b0,9798633c-4815-4469-8a8f-ab56aeccf3c9
d225a8ad-2203-4d62-a036-e63689049388,125ad43b-6f22-418f-b08e-5654684164a6
91c1158c-88b7-4c59-9c16-0d9bd92ef8ee,38be0b11-dab6-4108-b6e7-edeb3204d651
968664ce-8c08-4d30-b247-2d3bfe91a5eb,9aedae7b-8fea-45d8-a3dd-2593e6475f2e
4875603f-4468-4b8d-ade2-983456018063,638d04f9-f6d3-4b96-85ec-dbdfe00488d6
c5756ced-14e7-4829-8210-6f5986294d82,ba6e1b6c-6d64-4f76-b6fc-a3c1d40e1f1d
b5f0307f-ff60-41f5-a280-8301e8fd320e,638d04f9-f6d3-4b96-85ec-dbdfe00488d6
e0c48696-7c23-4a22-81bb-27a10bca142c,38be0b11-dab6-4108-b6e7-edeb3204d651
fa69216b-e91d-435f-a86c-d3a2165186a1,9acb594e-13c8-4f6f-a169-0c1c55a2d118
c4bb7af7-d83c-4416-bdb5-178b30996d9c,7ca1f39b-8192-432b-ab62-f038391bed63
b599d768-e5ca-46ad-b11f-49fd3b52d5a2,2b32b4ec-0c70-4801-8c8c-5921dbcc1c39
451f36bf-498f-41fa-86ee-af1925b2f700,9036ff7e-e258-4dd2-9064-5da767cbc2a3
7a75f4d6-dcac-4df6-a390-daf5ff526b4c,ca595b5c-f3ce-43cf-8aae-338505d59219
5770f0e3-e8c1-4eff-9d18-bcf35f705534,06170f3a-7e42-43eb-a78d-924fd245ab0e
7ad020d3-5767-4375-8278-a56dd4645ddf,6ad27180-fc83-48db-bf47-d39c98b6c338
87dcf3ad-7014-418a-b091-3a2edb46912c,73d6bff3-01cc-4d8d-b452-6b4e593598ba
a85c0453-ee91-4658-a6ef-5aa595d4e473,c4d4aade-3f0b-465a-ac05-d501275a5bc2
63ee9ac4-7ddd-4d71-b92b-d707fa414222,ac79dd76-dfdd-4aeb-bc30-8490455ba030
595831af-fb7a-4d46-b610-ffb733cc18e7,8dec0be4-e479-4b5d-8aae-06693e0938ee
2bfef72c-1cc9-4353-be3b-634aac96ee2c,48d198d7-071e-484b-b537-36009aa0b56e
c8ce6a6e-0a69-45cd-9597-21459377e306,b59f31f9-86f2-4150-ac2b-9b4cfbbe68e9
015109c7-895e-430b-874f-2c458f6588e8,4ff4d51c-193c-40cf-9951-7365b9ca09d0
80db962d-3973-49b0-9c63-0d36fb8bbe58,6c107f2b-9025-4fb4-b8e1-6d6de7c153b3
93412f1e-e235-431a-8b6b-7d34e34424db,31b0aa57-b98d-4607-9b5c-0a1496c3e571
aedc701a-a8fa-4def-bd85-248ed92e5a04,8d0f21e5-97a7-4113-b96b-8e6e9c646d94
3f0a9e32-3ec9-41ff-9221-2acf223138b2,d05985eb-3892-435d-9f4e-a6c550e09e82
1f08c303-9a80-4b41-b6f8-ebc1217a93e3,192bb239-0ec8-4d46-b082-f9bca3add4f4
f12de468-3831-4bfd-a455-0db48624bd7f,c861af53-38d6-42a5-8a22-81c0caa27243
4e004a94-bbd2-459b-b4b2-c1fa1333ab5d,34b9c278-2263-433b-b0d3-b0a43465b01b
7be872c0-08b7-4cea-baea-a07ed2d50bc7,486b8377-c576-4ff5-92e8-6de20ee23754
abd28afe-4ae0-4751-a3c8-045c8d9150dc,3dc5cb5d-fda7-427b-a64b-aa5fa9464f4d
1a273eeb-6d41-4786-a096-26e383fb633d,7780c75f-7016-4fed-8563-d9924adb4d97
fc6ede8c-3f1a-4205-a4e3-23ed9cc3c193,112794a5-aaf7-4283-9557-ed16e544b15e
f558fe7e-64f5-4efa-996e-7a1d5a5b8af9,cdeb2430-4920-4648-9b04-2fb1093a4f84
d801510b-1211-40c6-b87b-558bf4fb7a63,6c107f2b-9025-4fb4-b8e1-6d6de7c153b3
35ced25b-e358-4563-b803-7d230eabead5,8ecf0d45-e5f5-41f0-8755-eefd14acee19
ba97f133-ac14-4e84-bb4f-6b279e736eb0,eefa59da-3c01-48ba-9638-22ddc738df2c
bf4f04cf-2516-43d6-8edd-504e3ff5750f,a3a7320e-4be4-4107-a4e9-ee5e691e12d0
1556f327-9178-4397-8c95-ca9ff0e65ba0,0ee460eb-c85b-4f9b-96f1-56edd6c6be5f
2c40524b-fdcc-4200-9433-9cf35424c8b9,ce006e91-ba7e-46c1-a529-f99718a943fb
4c51d1a0-5034-4631-8aaa-3a501c6177c9,64441c3c-ad68-4218-8c56-bd6e33402f4f
8f8392da-a04b-429a-a1c4-33d1bff96329,bdd68e6e-5019-43c4-92d4-835c67af2823
bec9efdf-39ff-4ebd-a349-9550a9a13370,c751122d-bbc5-4c93-baa4-08266f02f2b7
7d8fc240-3e6c-438b-bbcb-27b8f32a2527,c6ba274d-02c6-49f1-aa0a-46f1e8669dbb
2b34ca60-6db5-424f-9387-b50b0ce49222,daeb9b73-d9dd-4084-a1f6-fd224b315e9b
05c074ca-7341-4cb3-8ad9-162e001861ca,6b158748-2e47-48aa-9b37-ddf556d1ddf0
b30d3ffc-9df8-433c-b5a0-0cfb9d5bcabc,082fd45c-b8b0-46db-b7d0-72c6e06aedec
849ceef3-619a-46f9-929d-74b0dd82bac8,7b7d2776-b35a-462e-bdb6-1623fd451864
f3e2314e-d2ec-4774-81af-9174b2e42213,a278ceb5-5500-4a0e-9c70-5e6b127b09ef
cfa7039c-2a01-4da1-8fd0-a31375fb6c55,4812c2cf-c2ba-4a47-bef2-e2b87dadad71
a3b0f6ac-0e92-4954-b10d-c51ed1a1910b,c751122d-bbc5-4c93-baa4-08266f02f2b7
9d40104b-52bc-482a-8e14-9a0a00e394fd,6704a3a8-50c5-41a4-a85c-27034c5fca04
95b5d939-b7da-42fa-a763-1b234d2a0b93,ce006e91-ba7e-46c1-a529-f99718a943fb
1181b647-24ad-4fe7-b58e-64e8f0b7e85d,7d5f2bd7-2ac3-4067-84cc-f2d7f21317aa
66d31413-56dc-4fab-8216-30682af66eba,40bf0cb9-3bb8-4b8d-a875-cfb1fbf3417a
969b7edd-983d-4ed0-be8c-d780618bbd50,4373823b-ab8b-454c-b875-a99e6d80346d
901749b0-ede5-4900-9120-4005f49510a0,67f7b859-dc6f-4f17-a7c6-68d8909af44f
e5127e27-bf42-47dd-8abb-da9c715a57db,d2f6d766-3b2d-4abd-a0b0-adbcae3ea1b2
613b91f4-fa09-4342-b553-a83ff7df891c,5752dbcf-0c38-42ac-beb6-099f02117eb3
0d5662d5-3d3a-4c3c-adb3-394ad05ee807,6ad27180-fc83-48db-bf47-d39c98b6c338
ad82ea55-dafc-47b2-873e-9e97c7e8422b,7d75dcfb-8b31-4194-b179-34d29e75b870
06da370b-5d69-4001-bbca-4dd31d2e91fd,58a5f992-46b0-460e-a080-fa77aeef1eba
81280f09-8adf-4fe4-a4b7-8be5bf286f73,112794a5-aaf7-4283-9557-ed16e544b15e
798b1867-26cd-4182-a619-2b624425b8dd,05edec24-68c8-4878-a7be-9be4d6bfcf0d
e8dbe981-5675-42a4-9a9e-76ab69163c66,daac608f-88ca-4193-9af9-9903fafd0f0a
05d5c4bc-0bbd-4b7f-bbdc-28302f7dca58,a917cd4e-07e2-4d0d-b2a4-362733063c91
e54ba4fd-2624-4b57-b033-8d0879a7b3ca,daac608f-88ca-4193-9af9-9903fafd0f0a
4f520c88-4246-4165-ae5e-dd25037c5459,c650426e-b016-471b-88e6-8cbf9f201f86
f2b49b0b-2fc6-4168-a6db-09d8d602837c,848c5ef1-5173-4f39-89cc-ec9bad9e6467
44660297-13a2-4997-be2f-51c26b902c69,50776682-0887-41dc-8aad-2f61040a339e
38fe1349-52e2-418a-828a-5c8132de8347,ab536ebb-3cc9-4390-915c-7474d9f9523b
fa3a9c5b-e43d-45c0-9fd3-4d7dc98735d3,adfd32e9-0da5-437a-9ad5-2037222ab677
20ae78d3-863e-4df7-9d47-faf44488a3f5,d43e6b69-33aa-41b5-9c40-c0d2775602db
f28058e8-8bfb-4282-ad45-bbf07dcf968c,dc537462-abea-46b5-9ee0-4d1021bbd38e
b362c007-585f-4588-8ef1-75adf6a59a87,9c52b137-8028-4bf6-9468-2cf4d3699419
2114d1bc-478f-427a-b04f-a43dcbf641b2,4a69c91e-4012-4ca8-bcea-84fee28ffb6c
fcbbb8f2-0b19-4f53-a03b-4b492aff67aa,4783d0c4-a40f-4928-bccc-db7b8a602fdd
10fae5d2-4f35-4467-b08c-e4061a838896,2fc9300f-8456-44fd-9833-583ccea3aba3
138e55d7-0668-4ff1-9acc-e5953ab67101,1fb4f27a-0680-470e-811b-75b70114a58f
ca4a0ef9-0ada-4ad3-9fd4-945a77c9f2e6,552c23a0-183f-40ff-9b8f-dc098421a44b
6153c2ef-811f-494c-84af-c5e929f8443a,ad8d3cc0-35c1-4f2c-bfde-32c216960f35
70ec0f0c-e006-43ef-a9e9-59861c5775f0,9798633c-4815-4469-8a8f-ab56aeccf3c9
c1eaf457-c459-4da0-a96a-a60d85a6ecfc,9eb4e3b2-2635-4b3d-a11b-e74cafad2a2c
16c22c0c-dcd9-43f8-b328-e5749e8db4d2,af6fc1ab-2085-4b7c-b953-656e945c3322
31eb4b3b-07b0-44cf-9a19-a0ec47830861,ab1140d6-f232-41a6-9a35-05a73b204d56
72f8b7d9-09cc-442a-b13c-41bcb7647f09,ed667b93-c75d-4e70-b0d5-22dc6c77c882
0168ed8a-30fe-4735-b69d-7131df171362,adfd32e9-0da5-437a-9ad5-2037222ab677
64ec003b-8359-442b-816d-5f5768307a2d,ca595b5c-f3ce-43cf-8aae-338505d59219
7b079611-76b1-43e4-99a6-049602e0a9ac,7780c75f-7016-4fed-8563-d9924adb4d97
f79a6a1b-60e5-40ee-89ac-cc70696fe375,ef54758a-b036-451e-ad3d-ced72999261f
9f8f4fe7-b24d-42a7-8515-8709c34038b0,a917cd4e-07e2-4d0d-b2a4-362733063c91
c646daf5-4be5-4908-8ea2-43af43676c3d,99a31174-d6b7-453b-8c33-c9e91bd9f4f4
64fc6b77-d3b1-48b1-856c-4f271989b4cd,e9643c57-d469-427d-b3ba-a43d57055a05
6df67750-acac-4d24-ad6d-128f0ea6d11a,2c9899c7-dbd7-4551-a41c-ab6207b7c7fe
1bc3c1fd-e70b-4c61-91a6-4a680d1ebda2,d3d4fe28-25c4-4f34-b46c-985b0721d492
ebeecb88-b303-41b5-ad39-aaa5bf688ecd,c751122d-bbc5-4c93-baa4-08266f02f2b7
66e06428-4bea-4f7f-9f25-fc2b0e828b0c,177450cd-a78d-49ba-9d69-d09f4c0c5078
3bbcdf2e-8879-404f-acbe-42ede6ad02e3,702a4eea-9517-4ddd-bc8a-f320ff2f284f
39f2e6cd-aa2b-482e-b7df-05f6037f983f,700be345-dce4-4805-921a-a2a9f2cea588
12564ff1-212f-4ea6-b561-388e8831eeec,bfe18d60-d9cf-4d86-9122-e1c97abb114b
e9a89a6a-9e9f-4f21-a5c5-00646637f3f2,8d0f21e5-97a7-4113-b96b-8e6e9c646d94
51a73c9a-41ef-4eed-8392-04edbfbc229b,508917a5-0bc5-4f67-a8eb-590eed57c373
9c4742a0-f989-4d24-a1e6-abceb7ca7874,7780c75f-7016-4fed-8563-d9924adb4d97
f37d74b4-cb70-4ef1-8ec3-33dc02f4cafc,3d1cfbdf-97e3-4447-87bd-0b731c708fbb
79dd5706-56ea-45cc-a25d-5a90fae43e02,10b84fda-3791-4f6d-9696-cde55f9472f8
d5796b97-2333-47fa-89bb-ec47ce64ffec,314a7cb5-82ca-4eed-a153-6fd2dccfdb77
84b36f1d-60a8-4f3c-9bc1-e7a808c14aee,653efa11-a855-47d1-896f-b456e7b4358c
3f669d65-dfe3-4327-b700-1556cd99f93b,626ad043-578f-41f1-8cf9-658d60cffafb
6162219c-69ed-496d-b63f-220377842f53,0865d27f-8bb2-4a6c-b6f6-286b629ba354
45907605-1fb5-4cc7-86de-ee3d8587aed4,1c85b02e-fe26-4487-bee3-ada10266e049
f89c577b-ef2c-432b-b508-94bd4d4d0a31,1baf0c8a-d86d-47dd-8b6c-a313284bb520
72e78cb9-e9b0-40d1-a70e-c40ea4c9ef46,1c0f51c0-4abd-4e5e-8117-a43875d805d6
35fe9d5d-e674-4484-a409-50b6c68d8bea,5ff8b36d-8ae6-49ae-8b0d-b8c84ef8eada
ac9609c9-0a08-45e1-82d7-00f5142adfed,95953770-b706-46cb-9266-fd2a05336cbe
