volumeid,journalid
62e549a5-9738-4b36-8ed9-b642d4f5c08e,599af9a6-065f-4855-85d0-c6ee4704257a
4b3139dd-246c-4881-bbcf-b1a176806d8a,1399d7cf-af6e-44f9-bf95-ff888b036f68
3b50942b-e86f-4e60-b5fe-52227db37ca6,1394d356-e349-4eb2-b35b-3a7c71d37162
3d5a5c24-9a99-4108-9da4-08046ba3b469,956b0dd2-7259-4d5e-9a8f-cf36aa4dd14d
636de7fc-3fd4-452e-995b-6f539950891b,e5df6e2f-3489-48fd-9895-b58d459ada2a
fc8efd17-9bdc-413d-877d-43a2cb23b9a8,72dd59d3-c228-41b4-97bf-c7e6218733fd
cc315881-d040-4f31-874c-257b05dd0aac,35a410a3-3179-4eb1-9519-80be61af84a0
263ac0d4-4983-4df0-a3b6-c4fe52a7036c,82ddd2a3-7420-47a9-9a18-03d65a39090d
9c06dbd6-cbc5-4ae0-a7b5-507b2a591628,a7ec37ec-98c6-441c-a7a8-e192d3070b41
54f58984-88db-485f-869a-5e4863b857f3,8a86e4b4-5d8d-4b63-9dc2-02c611fd5da8
face426c-2c39-4722-a56b-3c51a2f54238,547d6e1d-d96b-478e-94ed-a71afa6668ba
45c43f26-607e-4141-9d6f-0f3670d841b1,166e6d4e-0900-4797-ac57-cc62ab18fb32
10e40c98-1ebf-455d-8254-66c134a2b67b,7983cb70-441f-4893-aa03-87df71e13d4b
0b585fd5-7ea5-445d-850b-363477c90021,b0d76d7b-384f-456a-ad32-0f28030d5fcc
9e970cd4-de3c-4ffe-85f8-cf0305872c17,c07f3e10-3ba1-4adb-a8f3-dd645c4e3db5
28da300d-8483-4960-9918-e46536704f1e,68d7596c-27a4-4db8-9bf9-fb08297e6705
f156646a-4fe3-4c37-88f2-13898fd3b0be,3ab4f4d8-a026-4366-a768-a32e633abb26
a6baf4f9-0528-4f2e-bc20-6f5270c4d19f,eadffd48-1db6-4f34-8cc3-53b74b7355aa
211e42da-b895-4666-a3f8-a7c733a7c74b,cb7d3823-b97a-45c0-a3f2-a1e39c2b1985
65b7949d-91e8-4e2c-b162-650b8b1b9ee9,07c1a958-2d62-4327-b563-7512da4c7ce9
4bad72c0-c371-40ad-a49f-076cd283bb71,f72784bd-add4-4b5e-8555-a17dcb74cd76
0bc9d34a-0ca3-47ea-b63b-227553d84d54,4a03feca-91a2-4627-a5c2-0b588b13d5f2
3ef3307f-21a8-4a61-bd3b-2410c7037783,54d2a8d7-b94b-4a8d-98b5-a4744f11bb97
06c1b09d-596d-4415-a1f0-150cf325e84d,1399d7cf-af6e-44f9-bf95-ff888b036f68
e6ab9ade-b05d-4d43-b5e7-b8898ce58f9e,8b906df9-232a-4097-874a-3e9cf677aa06
48484cd7-a93f-4651-9b7f-331101f53410,e1dd9107-e78d-438b-93b6-dbe8284ec0fe
3909de11-5c0c-4ba7-83ee-50c33f17c63f,372c8f3f-e757-42a4-8a65-74c40202321b
768a1c0d-0b6e-412e-a335-879d91b3b4f1,294cedca-7dd8-43e1-a5cb-892af4eb30af
9a12305d-c050-423a-b320-f66e43586cfb,66dbc7f8-11ae-4a1b-9e9b-9b66be59f80c
9f273913-8e2d-4b2c-8531-e2401229957e,2c54c49f-c036-49d1-97e9-87e9211c26a8
da205510-07eb-462b-afb7-224596899a40,ed66f710-38cd-4a5e-90ad-5fe426d60107
739ed7a6-3f7b-4948-aab3-d126a5de67c3,547d6e1d-d96b-478e-94ed-a71afa6668ba
8a91685f-ee62-4814-a315-ffee25ba67db,bc0b430a-f9f9-47b3-92b2-84b81f8490bc
a8ce8602-7ced-48fb-8eb0-572a57f9f0b0,02a36972-114e-4c6c-b1f6-793c406d30ac
c3828e27-1af8-4160-bd2f-242506c9b0eb,3effcba2-6c63-4a27-85e9-92981092cdc9
82703cca-56eb-46ef-ab1c-63748b669776,d9ff48a0-db8e-4022-b1eb-3327d5c6436d
ba98c5ea-c6a5-4c96-8521-896fd2c40622,b790efc9-ce45-4fef-8eb3-194f2b687415
e53c6a12-0847-4cfd-bee5-eb2143893793,d92ef763-034f-4efd-b37b-39f37a960734
b153ff75-3e37-4747-943c-70e9738443f0,d0a77042-9ffc-4eb6-b884-333df396294d
d3a5027a-e0d8-426b-bd0b-bf46dbc39ae9,c532ed0a-ddcb-4852-8d25-c405dd9e709f
ab8980d1-f47f-4443-9bb3-825af27bfbd1,b95e092e-fb24-4260-949c-06379e3532b1
3abec6f8-29fd-49ed-8326-c3bd2401f9e4,fb73be9f-829b-46ff-bc3e-a2b97b49c877
35d2da4c-b167-4f35-98a4-2eadc0cc1a80,a1092e7d-c89e-462d-97ad-d365bc3284e3
8f281986-c4f0-4e21-aa05-0a97e4273004,4fe968a1-5598-4802-889f-678e92512421
42d0bff9-0432-4faf-9110-0bc488bbbce0,1c4b84aa-fcbc-4863-9a85-7c8fbd75310e
c2bf373b-d0a8-415b-a98f-d0c80ba3abae,a7ffa715-e938-4d4c-9232-f95b7d1a1e27
bb4ab45e-007c-4ae7-8bdc-70e232a41956,f9934811-9db9-455f-b79b-8c7305eb604e
931839b9-7059-49a8-b572-f80a74f521e2,50bc9e5d-1ced-4453-955f-df412afa5104
b627c81f-a2b2-4814-af4a-9cc0c293655b,ea8b8c74-196b-44cf-9d91-67c2ca596018
362fe677-c6e7-4a8b-8236-043695a895c5,d3422460-690e-44bd-b35e-5a6d95afa7ea
c6452ce8-1e4f-4bdc-bb87-a6eee8b3c902,d802b5f0-9242-46d3-a506-b23bf9ba9621
6ed76b50-8c33-4408-ae37-46845262a909,03c4cb53-6aa4-4bd1-a6e6-5ae8e1209471
c7c2047e-a348-460f-a512-68f027719cd1,c5a377a0-c472-4779-a049-1aa464570841
b655721c-db04-499c-8c01-9cd03d41f1ee,0f9b8d16-d9de-4905-9d2b-7e71fbf30caf
4242036a-d42f-4c7e-82b9-349e8eb15369,894bb284-85bf-405e-a1e6-2c738de6477d
43bf8477-3ed3-495d-b808-991c00fb2857,55b03b5a-3a42-4d78-9577-c30752657258
d50ebec6-834b-438b-a623-0f1cc43751a6,b562603d-2cc6-4609-880e-a08998c6b4ef
8d155bab-8159-44af-83bf-9e86de2da325,f94d9592-72bf-4336-8385-0615aeac74bf
3c9ee1d7-8e82-40ce-97ac-11808d93050d,f5cfed44-652e-49a8-9f2e-ec3504d7f75f
fdabc021-ffc5-46f1-97d4-2636736105a7,9c1c42c8-fdca-4bf5-8f6a-d1e0de0fbcfd
6a3471f8-9682-40e4-a3e4-f0a525682299,defaa0b3-7efe-46cb-a6b7-3c7fdd01ca95
db49e79e-603d-4dec-9927-4df65ed4c412,97ea24f8-2c0a-4fef-b1ae-fa471312dd1f
614c9e89-401e-443f-8775-cd68834ed40f,03ee267f-5795-4013-824b-4cea72e6517f
28dc2aee-9cee-45c0-94f4-445c0f2272eb,04143537-737a-41de-b2e5-8e1500993f90
096a899f-751a-4e27-816e-0a0e85f1fadd,bf77ad57-e35f-4d5d-9ec2-d732ea7380d5
8d1f6ede-72e8-4da0-bbe9-b1e4e15a245b,22779bd7-89f0-4000-8727-dd8ff651489a
3f79188a-56b5-4e1c-8a1b-5256ac1007b6,f3f4bc72-5748-4a61-a9d3-00fb5a48edff
859b09db-39bc-41b7-8c05-a4d62fa8cd0a,82865d9d-f7d4-495f-bbb2-7205eafffd91
7dfdca8b-57fb-437e-a2e6-4a3dddbfddd7,9c1c42c8-fdca-4bf5-8f6a-d1e0de0fbcfd
839c4432-36ce-455b-8d8a-ece2a0e9f0af,1c3c9856-9d73-484e-955f-83a2fee44652
04093d98-3897-4289-9067-9fb37f28dfec,7cd8a7bc-d92c-4c57-925e-d44e160209c1
a3aa32be-e62e-41f3-8434-1c9b03994a0a,5683e2d8-5808-4166-a894-a3fc79799920
53ad62b6-db72-4ef0-95a9-0e61e68822eb,bf77ad57-e35f-4d5d-9ec2-d732ea7380d5
01958776-86cc-4930-b669-db100dceb26f,41eb132b-2c3f-4847-871d-b7e28b215273
4713d1b7-f391-4bd2-a6df-0149b7ada009,1455ba1b-0c47-40a9-b760-f9e6be09ef86
2aad73c0-28f7-4989-bcc5-a48a77ef70c0,cae10f2f-c0db-47bb-a969-1c60b638572e
101039f4-8a01-44bf-bdf7-ed3e675b73a1,0f21c597-5844-4803-9300-d150353bd83b
4800cf13-5833-4db6-80e4-392373428220,aa62d223-32f2-45bd-a92f-9e096f489132
3d14b843-20bf-4d82-8d48-7892d261582b,94aa7cff-8c4a-4834-80d1-57e8412d0584
e50fcbf3-8976-42b7-a9fa-a64919532cd1,abcf7137-72c7-4bbc-807a-606fcfcebbf4
6fc0ff08-1ffa-438f-9786-5c8d477c4ecf,59ba1812-af81-4f0b-afa4-3118652820d9
f2998f74-0ac1-4e69-a021-19529878e7fb,111fbf12-3b45-495b-8540-738944cdd7ea
846609ae-f964-4cf0-bd55-08eaad3bd8bd,8e8d9ace-4450-4164-a67e-5446dc3243f5
3f3be6ae-58e1-4358-a869-5e97fcd9aa6c,2e8bfd9e-1279-4a51-80d0-018277875737
4f97423d-24aa-470c-9f56-5e1c2193073f,41872238-ebe4-4a55-ac28-a21db048f232
3a6d7bdd-95ce-4a7e-9a38-1c5c1b81f9b1,f5cfed44-652e-49a8-9f2e-ec3504d7f75f
00e3d508-9e68-43d2-b053-2a455f6beb7b,32a5972e-7bb1-49ad-a244-e69f4dd67320
71cfb33f-d675-44e1-ad09-c54214148c4b,76d17231-9bc6-4693-85eb-c038edb188cc
7a83d92c-6215-4cd9-854d-d79e359faabd,b54feba0-3e28-485d-972b-e140ec59805e
fbc56b79-309d-4878-8a6d-60a73051b274,0a0edbd2-6ca5-41a9-b5fe-7338192c4998
15e17659-94f4-46f0-9c8b-3764f5e0a95c,7e9d5532-b172-4c79-ae6f-1e1920792ef1
24538251-17bd-4264-8f6c-659327ee78c9,c8a60a09-ead8-4699-8dfe-84a6853986ee
62e188bd-f72f-457e-a8f4-48abc01591ea,b6ff05fe-5575-421c-8143-a6fe8d084dbf
4977debb-27e4-476e-b6b0-5e956e7b4b9a,c153d193-b8c3-4d76-896b-3e2b901d7fc2
42b50178-88d9-4d3d-9300-f55902067c42,60c4d26d-6f30-4b61-9ca4-9be3a39f48a9
b8f09335-1417-4576-9671-8b30f514bbe7,d8724b88-569a-4a2e-8c77-7248d89198e5
8212e6f5-d1d7-48db-9489-61a8e8b52800,76625217-e10f-47a1-8942-33646298fdd1
9c99b03f-afde-48ad-a00e-27d4deaedb7f,c1088826-04ae-4660-84a3-ab08db45a2c1
463677e9-c556-44f9-9627-d177dcf77a9f,f72784bd-add4-4b5e-8555-a17dcb74cd76
ac6ebd11-c255-4a0a-88ec-6c5601f5c7ad,4effd7b8-b67a-4c8e-b9cb-b61d28eb8707
88d9ee09-0d92-46f5-8299-a2b9d0d752cd,1eaa8026-3415-4326-ab7b-9f6a7ca115d7
0a36806f-b05a-48fc-ad40-5c45a2ed582d,ae7ffe7c-e0c8-425a-a5eb-51188186ad37
d2e6d00a-8ceb-4d8a-b845-cb1c3afc4919,cbcc7dcc-5728-40e2-8ea1-1b8c7877a1e8
bfc8652e-1dfc-4340-93f9-e8a5b41a4134,066af1a8-28ca-457c-baed-45aafb637fdf
758eef10-246e-4b9e-9645-7106b9747671,84f4e146-a1dd-48ec-b3b2-5bf47293024e
df861e1c-7ab2-4f63-8217-c12a2495ba6a,8b23e534-5fec-4a12-8fff-28ca80360659
011ee2ca-1a61-4d76-8fee-a357f9fc8008,461e11e5-3384-4226-8277-388c436f1677
79e5e22e-074d-4fdd-8adb-c7c601807749,ca477fd9-dfde-46c4-9351-e058ae06f123
04aaca1c-d212-48cc-905a-dab2749cc18d,c153d193-b8c3-4d76-896b-3e2b901d7fc2
0111963c-5e8a-418a-a621-fcdfcb87be3d,f72784bd-add4-4b5e-8555-a17dcb74cd76
88ce19ee-24aa-4af3-ae72-7131994a19ce,7af42733-6ba2-4ea2-854a-6bb7091d02a9
4fb4724c-4291-4e6b-9e83-c83cff7e3495,cba88d0c-95e6-4471-b1d0-bb03e82480f0
b5991614-3097-47cb-b6e1-64d888490a30,2018ba10-19b3-46a2-93a7-8ee2ba865d0e
f479ddc6-5b64-4b7a-b50d-493ccff4e264,9179f022-bb0a-4048-8822-7a2cdc4e64d7
19b221bd-725f-4563-b285-9a9336ad5562,d228aefe-7091-425b-b196-98b956b3222c
26902949-8c39-44b2-81a7-db0e774c79c9,a0b98aac-d4dc-4073-9e08-a0ea91fa9377
3ee0f462-db49-48ff-aed4-22b52c3cea75,547d6e1d-d96b-478e-94ed-a71afa6668ba
52270028-1402-4ddc-a084-5e8de6d2458c,79212fa5-cc6a-4536-8fdd-392b2426839e
4d0a21d7-eb3d-4ac5-a222-5c05612c81c6,324555ec-dc66-4f03-8778-7d85e3452388
a54308a4-5af4-4949-a084-8019627fee4f,7846388f-7a5d-4093-b365-e8856bbf2a6c
e4dbc870-b927-41e0-b207-32910a5dd71d,bf3ce795-84ef-43f2-9b86-2b609f44ec92
4feef4ca-bc01-4e89-98c3-fc385d0f71cd,38799dae-537d-4964-a38a-4a79d2aaa3eb
b2d14b34-d188-443c-b3b1-5f224ef71012,ce45848e-5afc-47e3-86b0-2c05e5492a35
b6e111b2-af78-43a0-9e30-0069a99d1076,b6f83b17-e70f-4314-bef3-270467cd6321
617b38d8-88de-4d45-a626-12ba4b47772c,ace63044-908f-4997-a620-eae25465d227
ea6aa0f6-40b3-4f07-8b89-7d00e00a8da2,5b21bf8e-e913-4f64-af12-e52d7da153a3
1905785a-bf8b-460b-82f5-270920a34752,8e172165-aff6-4370-a90c-7474826cecef
babeaa33-db21-468c-99b3-eff57253cac2,3e00540e-8c48-4e88-9099-811b5bde4bc9
c1996f41-663f-4653-bb6e-52e41a57f134,80db8204-8a1a-48f0-af89-ce81273fef8a
b423bdf0-d8db-4b03-ac34-9bb84259638a,652b8af3-bc1b-4d94-ac29-909e88c40898
56cff6db-a253-4470-8f89-5dc3340d03ee,c8a60a09-ead8-4699-8dfe-84a6853986ee
5b5f751f-8253-4891-8839-f7dd864975c9,a2369450-8a82-460c-a0b5-0c2ea3a5cdbd
b7aed6bf-c294-48cc-b60b-c44f72eb08f7,c8137fe5-5bbc-46b6-817c-680532a6e11b
721723cc-1d60-4579-b276-536c79806826,c532ed0a-ddcb-4852-8d25-c405dd9e709f
a236f2f2-ba98-49f8-bacf-b3c676b86924,e8cbe622-e0fa-470f-bf40-295e29811665
016dfaff-a626-4896-af60-504489a54264,fa86569f-ca68-4e10-b20d-8067f3d5d49a
c60e42e0-c3b8-4981-b137-68c6df8f7bc4,73bb1b56-5812-4a9b-8536-9d2a9dda5779
57682fdb-d85c-4e2d-8106-2e2986b0947a,7cd8a7bc-d92c-4c57-925e-d44e160209c1
a4ca6172-5189-4064-8529-d2823bd0cdf2,7933c5af-093a-48b3-ac48-09695063958b
4faf9367-3fc5-460c-8b94-d655dd117c42,d802b5f0-9242-46d3-a506-b23bf9ba9621
4cd53ef5-7712-4e4a-b015-871da3bc8632,5566ef69-fc41-4b4b-beb3-76497e25b426
042f4db0-d808-44a2-9b98-e563435a6a26,d01ca799-989e-41fc-a830-9781660ec797
a938a5f7-f586-4341-bfb4-f19df3e7da89,c940eb49-8862-4efe-a7ce-49f8fc0c64a0
fe503c9c-38d7-40a5-b1b2-20bd225d2aca,c1207e0d-c25f-4bcd-a32d-67e2ca3c704c
947103a0-e408-4c19-9e82-fcc19686fcd1,650aeb09-069c-414c-8922-4c796c948065
9bb671ae-cfa2-4530-a0b3-8c46c374b45e,03c4cb53-6aa4-4bd1-a6e6-5ae8e1209471
c5591763-cb55-4754-88b6-1e7237892a35,01d030a2-a6d9-4ec8-9646-4aad0b617243
b8cefca7-d32c-4023-a6d7-59a95778cbaf,6c4d3f76-65d5-4fad-af2c-32bbf3e88d1c
55f99272-8e89-4abd-8c3b-94c2678bd75f,7a2cad9b-f3ec-4436-9fe5-0ef991695937
d9b31206-5f33-4af7-a97d-0aad00f34b1c,bc0b430a-f9f9-47b3-92b2-84b81f8490bc
091a5d55-753f-4e07-84ab-c7b5a833ecb7,3e00540e-8c48-4e88-9099-811b5bde4bc9
fe293e8e-5731-49be-b568-efe05f4322d9,b662c546-3361-418f-88bc-718d541b14d7
25a304fd-18fc-4b3b-b7ed-9afeef7f0a8f,27001ba3-b570-4b59-9a27-eedc45f2fa80
ba3506d0-cd64-41a5-b5cc-63f3b637949e,3ab4f4d8-a026-4366-a768-a32e633abb26
efcde1f4-e2c6-4bbe-9622-d44eef1bc38d,5f6af619-5b86-44b1-a318-efe1a183a464
cb9da2f2-bec6-41d2-a74a-bcb949d2ede9,eadffd48-1db6-4f34-8cc3-53b74b7355aa
6eb48367-9112-4a16-9dff-bf5a1abdf51b,93a1a5bf-542c-4ba4-8118-7449f89e6e92
936d728d-37ef-4291-8f77-7c6fe4ba59c5,a5b66e14-bce6-4625-a7c2-c0c4344ceb39
b4228cbc-b5ec-4f53-993d-4d87cd1a35b7,e6e8bd56-4ecb-415b-bb21-571820ad338b
1bd9089e-a390-4db2-86a9-1ee963e3302f,82865d9d-f7d4-495f-bbb2-7205eafffd91
71c9aa1b-7bed-43bf-bdfb-bc9679702181,50bc9e5d-1ced-4453-955f-df412afa5104
ebefe151-dfcb-480e-ac4c-51dde1a090b5,895183af-7ecf-4d95-8811-92e40d3752a3
10855914-84a1-4c68-b244-fd71945092b1,72549594-7b26-4096-8213-f1b0733b9587
cde5fc87-e6b1-4d8e-998e-2ff7fddae053,34c5aba9-5d96-4c83-bc14-e305dee2b2dc
3005ef98-7205-4863-afaf-5a2c54d14736,3b9d7845-9a75-4061-a8d0-2da34878a9f8
5882b582-82a7-4ef9-ba2a-03667daabc49,1e0dea74-9e72-417d-87c0-ed14b32196bc
2ec5f1c7-ad9d-4449-b987-2e0a02e151b2,82cba5ed-5227-4850-845e-b25d2cccf2ce
793b2420-afec-4c14-a2f6-daf6dd808528,339c694b-b36e-46d3-aa25-eaf212a1df7f
ed2c5cbc-7c04-4fce-a223-6d071a923efd,79820697-745a-4f18-9d65-0b94d4e2bb36
7d3ad28e-5ca7-4d1a-aa21-f8f4ce714694,b03d2764-90e4-49d7-a13e-4542d5d97c5b
a8c110e3-00c7-47ae-a5a9-210c4aaff176,3612a410-8d74-4466-a815-c885e91634d4
76d9419f-a46f-4139-92f4-5c3cd3c1d940,32afd4d8-6a83-444e-9a23-ab64a2975158
f633c72c-00fe-45f0-90b6-135ba15399f2,a645ae6c-c13d-40fb-b6dc-3ba54d1e096c
be95cec1-4e19-4985-b39e-810731fa4691,32a5972e-7bb1-49ad-a244-e69f4dd67320
25f2513b-b6f6-4b87-8383-103ed92a43d9,b0d76d7b-384f-456a-ad32-0f28030d5fcc
7ac415ac-ae2d-4f44-a8ab-5fd9568bba9a,5ec5ad93-a657-4450-a8de-c1fd54e27262
3aea9558-796a-4879-b7bf-739067b78c0a,3d82473b-0b2d-4c9e-9ef3-7d92e1269430
1e543c66-4c0d-4fd6-9c6c-469e609207eb,84fbf3ef-40b9-4be9-81ce-63261795646b
8d67a290-b365-403e-a791-c09070d9bb51,72549594-7b26-4096-8213-f1b0733b9587
5883fcab-9e03-4755-8205-2808d33e777c,c41c681d-d721-4861-8a1c-ad84f70ef22e
6964349b-e3c4-4af0-880f-fb16c51d7c3f,9a2c8ae0-e67d-4a2c-946a-2f734bb130ee
82278eb8-025a-4624-aaef-282cb21b7cbe,bb40ca26-84ca-4196-b8f5-0305db943711
287c0c3a-256b-4b76-9bcf-2108a4030679,f3018629-9c85-40f3-b53e-ad3ed3ae8220
41eafafd-aae1-407f-9ca7-9c41b1979b98,7ffb0650-bbfc-4a14-9f64-c4a977f38efb
727f5a61-f45a-47fd-a56c-2190146b24af,f45956ee-cf1d-4368-83a3-e9b0feaaf39e
b504e537-a3f6-406a-ae62-93dfbea09da2,bd33496c-ad3c-442f-a0fe-0690f44bbe17
cca797a8-9f3d-432e-8c20-d3a58be1dbc2,ff667bf4-712a-485a-a93f-32b5db3a03b0
b634ea5c-bb76-4042-bb16-f4f299a05f65,78941ce2-d108-43f1-afce-580bc9f127aa
42b5116f-a705-4727-83f8-04fcb84c0805,fc9e2800-e495-455d-9b15-04ad3404d365
9cef4c1f-0ccd-402f-a94f-fc13c79c38cb,7ffb0650-bbfc-4a14-9f64-c4a977f38efb
045c6b80-f872-40bd-9f8a-fc24eca310b5,7d3f50a1-0d45-4e2d-9e20-34e6406486c1
b8866598-2d30-45ed-87e3-7a4e57f36a6d,9f88d475-7a71-44d5-8f0a-37b2cc705211
a00b4203-0b25-4886-88e6-e57a0d5e52a9,32a5972e-7bb1-49ad-a244-e69f4dd67320
04519a6f-8407-4b0e-8fef-054eca06fc6a,d62ec6df-daed-489d-95f5-965f12dd01a1
0d5f3276-76ba-43ac-a6bc-1a8f2011eefc,d228aefe-7091-425b-b196-98b956b3222c
240eeb1a-e2df-4b0b-9b36-8d51f29b4d5b,4fe968a1-5598-4802-889f-678e92512421
4561f4c8-74fc-4c16-85ff-be5702e3c9b9,b495bb00-59c0-4463-ac00-889372c6d41b
b19bce66-00fb-4f93-b2fa-b33603f9e502,647f49bb-fc9a-4f35-87fb-0e611376e6bf
d5b568bc-c718-4f40-86de-c129e94f604f,1b1f3228-806a-43e2-9374-8973a6f43495
d74c3cae-b04a-4755-8115-cdfe671d4b72,b0a17ca0-260a-4d9f-9002-ea991f2c53f5
13286827-044d-4647-b83d-a4f3c6074490,3c759638-10c4-45b7-aafe-03bdf6232e5d
973a52cc-b2a7-441b-8e56-d3a9ce275c0c,b21372a3-50df-4a3f-a283-e567365205b5
e7d05416-5f4b-4093-8684-03879f4c798c,a2369450-8a82-460c-a0b5-0c2ea3a5cdbd
637cfb6a-2ee5-4b10-8ef7-fe14e7506200,dbaad27e-63e9-45b5-badc-57029e9e4575
96f3e886-c344-48f0-896c-c367176e3515,e1dd9107-e78d-438b-93b6-dbe8284ec0fe
4ffdb309-79fe-4055-81da-cf0f0ed029fe,76ced537-bec7-49c0-848c-89188ca7c9d5
22dd8a14-f025-4921-8bf0-bbbca1dae483,0a251711-15df-4d55-8f75-76c96d890df7
03ee501b-58a5-44e3-b4da-24c26b2d6347,dadf7d3a-d254-4fa1-9937-a2bbf840347f
15daa55c-2461-4996-8f75-00d3ceede9ad,652b8af3-bc1b-4d94-ac29-909e88c40898
f5406ab2-7933-4dd3-982e-be2845404265,0d2fb7ee-d5e8-4f12-97cd-786f7c843377
c07a225e-2749-4084-ac26-2284f56eb93b,3df6c8e1-aed9-44c2-8693-8352c3865cee
6c2c7f23-ca45-4792-8b52-e1f0dbe3a8c2,05ec4a7b-e33a-4f0d-8246-c99755c25322
776564c6-4271-474d-b771-f28d033a90bd,76fab6ec-2940-411a-98c9-927d620fdadd
878b86b1-704d-4ac2-85f2-9cfe8a00ac38,9683c4a6-f355-4471-836b-9e448e46debf
8a8f83dd-9e44-4749-af73-6a7c413aa316,583ec6f3-b398-4a4b-888f-0181d220d624
92ed9275-c4f4-406a-837f-e18ade56d3db,372c8f3f-e757-42a4-8a65-74c40202321b
826bbc15-c91e-4c16-aae5-aeeaffe5441e,ec8ad4a9-5c35-4de6-b936-ada9a29e5b4a
7bd2130d-1bdc-4ded-b49d-1f4bc085a81c,21c8ea91-f3b1-4716-9e7b-1ee8b2e770d5
bf7bf9cb-55d5-40b6-b00a-448639c5f9e8,b495bb00-59c0-4463-ac00-889372c6d41b
2bb0939f-bacf-49b0-979f-73c120e6c7a6,3955ca3b-0798-40cc-9846-b474911c6e22
e0d28f07-0627-487f-8b37-77c5c4dbc56f,d359c768-c083-436c-8b9a-8d7b5b9fa8b8
45180407-db9e-4f1f-9bb7-57242cd770e5,c699631b-2fee-4526-b555-bcb2783bf0f9
f1d9501c-bfc9-4ff0-ad88-2fa0f2874227,f0618738-71df-4379-ac80-ffc496d6c9a7
f9efe5e6-1e56-476e-9fcc-ed52e4ff1ce8,469faba3-8121-487a-8d26-a16c14772c5b
120b0b69-c01f-41fc-9002-3b34ca496e7a,c8137fe5-5bbc-46b6-817c-680532a6e11b
25a14882-6362-47d7-91b6-e54b18b11e63,2c680c14-47ac-448c-bba9-4a6f04fe614b
2e0488cc-652f-4750-aa3e-678a8ce622d8,f5603cfa-a71f-4aaf-8ee9-21c866c98698
cd52cdcd-9021-430c-9c0c-355d98722199,d1ece9aa-2276-49a6-8e82-eadddfad3dab
1fb2f570-c701-43e5-81b3-e0693d5e4e1f,6af013e0-cbd5-464b-a94a-6e49c5ba04db
3b408abe-6e3e-409e-94de-1b670bcd33a4,abcf7137-72c7-4bbc-807a-606fcfcebbf4
558fc12c-b867-4bb3-9223-5cd6ff582a29,54fdac36-d01a-49d3-baef-95a25e9edf56
3671a44b-8351-4a4a-a183-64b6371f6d7f,a1092e7d-c89e-462d-97ad-d365bc3284e3
14f33687-2517-493d-8aaf-00719e3439c2,866fa68f-8181-4801-823e-d7033f3c6700
6f2b7f07-65f1-44d7-991e-93881cb497eb,143e8535-77af-4920-99ff-4a00f8e64f0a
de84c619-9fce-44be-a528-4aaad156d75b,0a251711-15df-4d55-8f75-76c96d890df7
8230d3d4-a52b-44bd-bef3-bf053d054cf7,b0d76d7b-384f-456a-ad32-0f28030d5fcc
38fcac99-2110-4035-8985-c1dde2dd2590,86c29ca6-0f1a-43ec-9742-1cea42a97dd7
f0aaa3ba-5d2b-44ca-aecf-76e198867b76,469faba3-8121-487a-8d26-a16c14772c5b
5cd812dc-9d28-414c-b37c-0db2be80154c,c03f395b-a298-4bbf-9273-65d3bfcb7cac
c085e904-aa54-4a6b-87bd-fa4b89705bb4,217cde71-ed7a-4f76-aa9c-ae6af74b7996
64412496-bd90-482d-9d50-f346a323fcb4,db792fbb-91e7-47ae-a552-6204c36c3c4a
2ce83ac9-19ca-4ed2-94a2-1e99165e4f8a,d5c9408b-de16-4c9f-999a-d3c72668c67b
12bcd083-5b0b-4a9a-a44a-0ab6d0563236,defaa0b3-7efe-46cb-a6b7-3c7fdd01ca95
dd765871-2c53-4339-b59a-03cb3e0c8c76,3612a410-8d74-4466-a815-c885e91634d4
836da080-d54c-4e80-89d1-1d5441385ac9,a22821d1-5518-4af4-bf4d-735a5632660d
40cc3ae8-b601-42e6-bee5-32a3688c8693,408fe675-13be-4a95-b3cb-75a7a29cf1e7
e947abfd-9776-4f7f-842e-ff9d4c80f0ba,3effcba2-6c63-4a27-85e9-92981092cdc9
d5a9a45b-9a2e-4a86-99b2-19c7d292e6a4,32a5972e-7bb1-49ad-a244-e69f4dd67320
5e74c6c3-e16e-4ccb-b052-d6d6e6179483,3c759638-10c4-45b7-aafe-03bdf6232e5d
a61cb808-77b9-4c2d-838a-61f64f0ba052,795a4157-b91a-4906-b89b-17f53369f315
959b10b2-8600-403d-af73-77efb38f37b5,b790efc9-ce45-4fef-8eb3-194f2b687415
9743b5c0-0156-418b-9567-ea3e5b71d5ba,ea8b8c74-196b-44cf-9d91-67c2ca596018
b21fbe1b-02fb-473a-8a70-f8e75209cff5,7c473398-c692-40ac-affe-43999dd9a7b5
7c5fc004-6e75-47f3-8017-a118702e2970,599db172-8156-4c9e-975f-0272c1332371
81a76ad1-721b-4361-8b76-eb82ef5d9070,495a6ce5-a41f-407f-a2ea-b20e31207979
d1305764-fb81-42b3-a202-2ce0f2e7ab08,79820697-745a-4f18-9d65-0b94d4e2bb36
5919237d-70ab-4329-8d92-97f9d68871a5,8e8d9ace-4450-4164-a67e-5446dc3243f5
e190af12-7095-4c43-a6c3-6f6e5895d074,72549594-7b26-4096-8213-f1b0733b9587
ced294cd-3603-461a-a1fe-08f7b37b5927,086c4da5-bd43-404c-bb29-fcf221158e25
3fc9ec94-746b-48c6-a7d9-d4fd5325f73f,84fbf3ef-40b9-4be9-81ce-63261795646b
a117ea7b-6d1b-47c0-b2be-b3a5d1a35525,2c680c14-47ac-448c-bba9-4a6f04fe614b
d79cf290-c2b6-43e1-b43a-560eb2245dde,5645ad9e-2dcd-43de-b6f4-e0c8aea23d81
5c9e19ba-5a6a-4224-ab28-be1595febb26,04143537-737a-41de-b2e5-8e1500993f90
ee532757-562f-4b23-af46-4f37ffcfe6cf,3955ca3b-0798-40cc-9846-b474911c6e22
ca94c80d-1ebd-4197-b79e-b8c4bd447b34,a69544bb-9c30-45b0-9e93-bd0db20937bb
d7139ee2-e8b5-49d9-bf8d-515362ac8605,d88ad735-93f4-491b-b244-2694a021662a
1ac6b296-3271-4c82-8c5b-c37fe38bc77e,aa4f78e2-e127-4bb3-888e-3ce06c00c155
a4c0bca0-0026-445c-aa3f-40efa54c8c9c,dcd96e10-a616-4dc9-937b-67db8fccb59f
09a5789e-538a-4c4a-84b8-5fb565872c86,80db8204-8a1a-48f0-af89-ce81273fef8a
7c7d12fe-5d22-4146-9281-07ab5abbe6b0,e2d00a5c-a9e8-491a-b89a-ef04dd31293e
cb706b54-6a41-4440-8fe0-9bde3dbbc103,0b712240-29f6-473d-93dd-a2e652426da8
8154e7e4-bf0d-4680-95ee-912b7f96c65c,1b1f3228-806a-43e2-9374-8973a6f43495
08c958fb-36f1-4440-ad1d-df84129c4f3c,32a5972e-7bb1-49ad-a244-e69f4dd67320
16134f55-d678-4360-a06e-2818be6e5c9d,07c1a958-2d62-4327-b563-7512da4c7ce9
21bcd556-bcec-49d1-9c1b-e3e536cc94c1,7d603154-2024-4873-b35b-f304b622fb12
8ae0273e-bca4-46ac-a480-a21b7faa7311,12b82fb1-44b9-4c2d-b4f4-072e3d44c240
b71b13d1-51ca-4d0b-a3b8-10cfd237d71c,36a3ed16-246e-48f8-91d3-83cc6411349e
f9e2f7bd-b2dd-4c9e-8054-9779fd4331a5,50bc9e5d-1ced-4453-955f-df412afa5104
9fc4f063-0419-4207-a68f-49ab68203d30,41eb132b-2c3f-4847-871d-b7e28b215273
f7945c61-9948-4cd6-aa62-2e0bc9dba542,2cb985bc-1c53-47c6-aab3-fe6fa2e9d900
c207f32b-ce06-4982-99e7-24770725c8d5,f45956ee-cf1d-4368-83a3-e9b0feaaf39e
ca952014-1e41-4177-90fc-10583ab58f43,339c694b-b36e-46d3-aa25-eaf212a1df7f
affcaf2b-0ca9-49c0-80cb-e4d5f11d9d7f,1e0dea74-9e72-417d-87c0-ed14b32196bc
d4b42437-89e2-42ab-985e-2254f49ed7dc,41872238-ebe4-4a55-ac28-a21db048f232
30003b4a-6528-44ac-8f26-f4301937fa4b,2f420066-2a18-4c0f-92b7-7eb4e7c2a5ab
0bb8a234-6eef-4436-b735-dd6f141b7008,b0d76d7b-384f-456a-ad32-0f28030d5fcc
386334b1-0421-4272-911e-520f21efb42d,4a03feca-91a2-4627-a5c2-0b588b13d5f2
593d20a0-e972-4c99-ab6e-17322349661c,c473d18f-1500-4fc2-a5c2-fd02b9ab877d
0645b7df-041c-440c-a5f9-64a184054d42,aa62d223-32f2-45bd-a92f-9e096f489132
7ee94068-b4e1-40e0-b1ab-c9f426f837c3,c03f395b-a298-4bbf-9273-65d3bfcb7cac
62437e21-6bf1-4868-baac-99eefa4dd7f7,9683c4a6-f355-4471-836b-9e448e46debf
f9caf750-78b1-4c07-8215-05879dba0591,5b21bf8e-e913-4f64-af12-e52d7da153a3
7266b508-525a-4d69-8098-84073ff26ed1,ca477fd9-dfde-46c4-9351-e058ae06f123
97e96170-5059-4d24-939d-ccc2f83e7fd6,a4cab0fc-a478-46f7-8fd8-7ac6edd331c3
d2a1d5fa-f323-430d-8b1a-22ddaba59324,0b052485-1104-4e94-bdfe-4421306bd426
e477b19d-b2a6-4f06-bef9-a9ad0645c818,8cdd81ff-fbab-47ef-9088-cdffd3eb38d3
fabddcf0-bfd0-4600-9422-10e729110756,d3422460-690e-44bd-b35e-5a6d95afa7ea
30617bad-0cb7-494a-96fc-4247accc0a8c,2c680c14-47ac-448c-bba9-4a6f04fe614b
c0f28c84-986c-4874-a4b7-6c419bbcb219,5566ef69-fc41-4b4b-beb3-76497e25b426
2e2e8460-bb54-4067-893d-6547d5b9cd91,60c4d26d-6f30-4b61-9ca4-9be3a39f48a9
f58daaec-5182-43f2-a480-0ea2b2e40ab5,769327da-8931-45ea-a2e2-111c2066136d
c7519ff1-9ddb-41fd-9506-3973b06f5d45,bea6ce51-75d0-49d1-9dff-b8cc81cc3416
a7569690-fad8-4f6d-a8e1-2fc849fb17aa,00f50560-bc87-41cc-bb0b-ca73450d7168
445b4759-a079-46cf-bbe6-6e5f4141f9d6,ede535c7-0592-4d7e-90ae-f34597654841
f2848a94-aace-49e1-9f23-eec9b06c197f,a5b66e14-bce6-4625-a7c2-c0c4344ceb39
5bbd1359-ed45-4fe3-909a-4f0f31047688,f9ba2f8c-ee42-44ed-97de-57cfafacccc4
3e0ef7f4-6faf-467c-a289-648561bcad75,b439525c-f149-46d5-80c5-48158037739b
a80a8d02-3bba-4499-9439-2bdd98ffbffd,b0d76d7b-384f-456a-ad32-0f28030d5fcc
9fbdaaa7-8f4e-4f91-b84f-3c900c6bfcff,ddbf9bdb-f083-4e9c-9dd2-adc59580a462
61cce00e-1a8c-4e7d-b000-61101fd10ab2,03c4cb53-6aa4-4bd1-a6e6-5ae8e1209471
f30ff018-8a61-4d3d-8022-d38dc73a0fab,21c8ea91-f3b1-4716-9e7b-1ee8b2e770d5
f69f825a-603f-4a24-8a91-74211aae004e,b03d2764-90e4-49d7-a13e-4542d5d97c5b
0e8d0596-9718-4287-bab5-8741755cb6dd,02a36972-114e-4c6c-b1f6-793c406d30ac
2202228a-a87b-4c32-a0a9-46a77a0a390e,5ce37a1b-8ac5-4a96-b41e-6640455f77ee
291050f0-94f0-44b1-ad78-076b795309e2,c41c681d-d721-4861-8a1c-ad84f70ef22e
9998f3e7-e5eb-4382-85bf-087c0ceca892,705d933c-8532-4c7a-93d5-119e402a1da9
76c3cfea-3573-43de-9988-eb509e133f4a,e1dd9107-e78d-438b-93b6-dbe8284ec0fe
b2d2fa4d-3dfb-4450-851d-4a8b1692c40c,60c4d26d-6f30-4b61-9ca4-9be3a39f48a9
c15c5735-4a1c-477f-a9e3-57fb6bfa30d7,599af9a6-065f-4855-85d0-c6ee4704257a
1eaf7b96-29fe-4c5c-86b5-b376ebf8c601,8e172165-aff6-4370-a90c-7474826cecef
aed23449-abd6-4772-a5a1-c0e7ca265f0b,795a4157-b91a-4906-b89b-17f53369f315
7b29e9c2-5ead-4b64-869f-7c8560b07826,cb6892c7-e42f-4b27-88bd-ce671d2094f3
f9f0f9d5-baac-46da-9fe2-51901f43b89f,76fab6ec-2940-411a-98c9-927d620fdadd
807475d4-a296-4342-8b88-d0f2be7df211,55530971-e1b2-467f-93f0-a5d9f63baa9c
ef78d7ce-2b2e-4873-9df2-14ce686e2a8d,3c759638-10c4-45b7-aafe-03bdf6232e5d
ab54074b-f7d9-484f-ad03-8da8639f0516,c49ed15a-87a7-409a-a782-3b1e039078c9
82d49c8e-018e-47fe-9dae-f9346192da4b,dbaad27e-63e9-45b5-badc-57029e9e4575
259248c7-cb97-43c4-9263-35dc2040a302,9179f022-bb0a-4048-8822-7a2cdc4e64d7
31fc5dc2-9805-4d29-8c0b-8e3791423b62,f3b07703-e62a-4888-99f8-c05e82abc125
13faa65c-6ba0-49ea-a7c3-8b7317e060b8,1eaa8026-3415-4326-ab7b-9f6a7ca115d7
d2a454a4-d3ee-446d-9434-b0dc4a4e1e45,ce4877fc-aaf3-42fe-9cd0-73b6ae477d4f
e171a30a-d577-42f1-8eca-dde3c1077367,a7ec37ec-98c6-441c-a7a8-e192d3070b41
6bfdf4a9-42f2-43ea-b4a6-80079c8deceb,46bde4fb-1488-4b27-80f0-0500ea781ea4
be2a3cfb-e8b9-46c0-b4b3-b2c7b542e9a9,b0d76d7b-384f-456a-ad32-0f28030d5fcc
69e1bc6d-bb95-4757-acb1-fb7582d995cc,8b906df9-232a-4097-874a-3e9cf677aa06
b67ffb16-e243-4b5b-8f4e-39fad76eb7d3,59ba1812-af81-4f0b-afa4-3118652820d9
b801d668-0524-4583-abc4-2c1dc34497a5,7b684326-c9ed-4122-b274-bfa865a8979d
75252299-ab98-463c-99a0-8a4a0ae7508c,e3a3ac4a-9336-414a-9cbd-98eac9fa2795
55e76175-b1fb-4c23-9068-19a8d3b85389,561cae1b-83c8-4b65-b25a-ea7a609b0905
72033a73-2ace-4547-8aac-0c8362922727,d3422460-690e-44bd-b35e-5a6d95afa7ea
dd37ad22-936a-41a4-ad11-f192f894daeb,394dcca2-b570-4339-bfba-344ef0a30b25
950780d7-30ab-4c72-957c-8e8c1d544a9d,b3e3d15e-0801-4ab0-b3e1-341f56fa7769
c5e12fd4-951e-4c96-b5fa-aa0e74be90c3,d01ca799-989e-41fc-a830-9781660ec797
3b4f4b76-d526-40d0-8eb6-cd773b8be448,0f9b8d16-d9de-4905-9d2b-7e71fbf30caf
cc9ea555-c614-4a8b-aa61-b38e24528218,fa78aaad-296c-46c5-ae8f-c4d8b9461869
f0be792a-052b-4a46-a9b1-9ca6cf4012d6,47404729-2dad-4668-b6ff-cf26bb4a6561
8eb88cf8-58bd-4128-85b6-749e56b4f25b,af64e468-e04a-4adc-83bb-3eb7015e1bf3
77a847e1-977d-416f-900d-544e4de32c0f,03ee267f-5795-4013-824b-4cea72e6517f
865b09cf-cac2-40a9-ac77-7a67b8c67b99,55530971-e1b2-467f-93f0-a5d9f63baa9c
39e2e19d-ab88-44e4-b305-768c19f408f6,f3017d7f-39a5-48ad-9583-31ba09a9a994
846bcae2-de14-4176-9ccc-863365c38968,56849dd3-1f36-4baa-bc02-7f7c611950a2
1f05fe73-1864-4038-bed8-b0172ed32092,464a1642-4e74-4c0d-bec1-4c1a99cf94d7
9cfa4422-ee2f-4ccc-a1f7-9b352fa360d7,84f4e146-a1dd-48ec-b3b2-5bf47293024e
37edc57e-dc8f-477b-9718-ed945063f7b6,fb05e284-ea71-44e9-a1fd-bcba907aa294
461cdd9b-8656-45dc-97f2-09409f066261,04d42afd-1788-4e6f-893b-42db115cb00c
db5f083b-e2bf-4cc6-ab44-0f41ac3ed504,b0a17ca0-260a-4d9f-9002-ea991f2c53f5
c4161137-b3e8-414f-9155-133de08acd7e,c153d193-b8c3-4d76-896b-3e2b901d7fc2
6af684c2-9191-44bb-879e-04a5a600541e,e3ddd9b4-e147-42c5-9a1c-da3db4aebcdc
caf0a5ad-980a-44e9-a512-85bca8a9d3dc,9683c4a6-f355-4471-836b-9e448e46debf
9c389ce3-c70c-488e-9744-d1d3fbf4777a,339c694b-b36e-46d3-aa25-eaf212a1df7f
24ee00b3-1a9f-4b6e-9cb3-25e26da9c346,324555ec-dc66-4f03-8778-7d85e3452388
e73179c3-76cd-47bf-a2a1-3364e160b916,d01ca799-989e-41fc-a830-9781660ec797
cd7fcdd2-8fc9-42cd-86cc-20e026d0a52a,e55edb4c-0c4d-471c-b1d6-ba8dcfff6672
586bfa7b-10e7-4d26-8f79-6359fe8218b0,1f422f33-84ce-4b8c-bcf8-d52c0294ac66
2a6875f2-7e89-4f8d-99e0-fa9112ec1f05,ec8ad4a9-5c35-4de6-b936-ada9a29e5b4a
81684c67-6d77-48ec-a2e8-89153753d671,621ef1db-1f39-43fc-8848-bb366059bec4
71d6bffe-18d3-4b14-ac96-3fa9a172a87a,d6cec4f8-943b-42bf-ba3e-db3b6211be77
1bf1d542-85fe-499b-a186-52c6cbae5ab4,72a550eb-0aad-421d-b0e9-8d7886d27a49
4155f9cc-c4e9-48b8-b66f-1e4a455ed49b,a7ec37ec-98c6-441c-a7a8-e192d3070b41
d4ee5749-f633-4156-9cf1-012173ffbc58,f9934811-9db9-455f-b79b-8c7305eb604e
27c7fbbd-a696-481f-9a7f-843c9e462b4a,5f6af619-5b86-44b1-a318-efe1a183a464
b524daa8-86f1-4087-87ed-87e9ffe752ad,1eaa8026-3415-4326-ab7b-9f6a7ca115d7
48f991bb-5de4-4654-9b38-6f21f247c96c,1455ba1b-0c47-40a9-b760-f9e6be09ef86
d36787d0-3f89-483e-a428-7fa6d0e14b36,02a36972-114e-4c6c-b1f6-793c406d30ac
c3c2d3cb-0172-4c8d-933f-ed73016ef288,8695d781-685c-4066-a91d-26c2004a7704
9ae390d1-7926-479d-9d11-daedfbae427f,73c801da-2194-4c5f-adcc-77c7a31ff439
bbe24383-1935-44e2-a575-36e46c8eea08,b5f3afd4-fd50-494f-9f2c-349d26acb66b
2a7ed00f-3a47-4fb6-a049-87b626162239,a1f53cd9-4dfa-4137-9575-f77ba259a394
c0bed06d-2040-42de-96fb-934d8a9e079d,a1f53cd9-4dfa-4137-9575-f77ba259a394
86961f42-df5d-4784-9fb8-d6351b621b87,055c4dd4-7c0c-46e0-b3fa-ab1bf1215c8f
bb98704b-3755-41b4-91a8-56fa2173314d,66dbc7f8-11ae-4a1b-9e9b-9b66be59f80c
938f5f25-7537-4fcb-80a9-07a023294f6d,0f21c597-5844-4803-9300-d150353bd83b
7afe7c5c-ee8b-4427-ab1b-44093f3ba58d,43ee3946-9369-4144-bad7-037a3a6b7280
54dd7d0b-73a9-4bdf-b4d1-566e4b9fb9a1,647f49bb-fc9a-4f35-87fb-0e611376e6bf
518ea6e1-2d6a-41db-b2e6-9cf1976533a7,b03d2764-90e4-49d7-a13e-4542d5d97c5b
187a62e0-2e5f-4340-b734-4b04993af9cf,086c4da5-bd43-404c-bb29-fcf221158e25
a6f1e9df-7929-4dc6-84f6-5911e2dbd7ec,76625217-e10f-47a1-8942-33646298fdd1
e8d44b9f-8c44-44a7-8e30-d897b11beb7a,1fa0603d-6f29-45cb-aec9-88673f880d93
c0e2cdab-501c-45dc-b63a-6738a12c505a,30874e75-08ae-403d-abe9-a36327036739
2f3d7e6e-0b8f-4331-b2e7-39980d18d39b,42007dd2-43b0-4201-a9c6-4e25af650def
a49750e9-cc89-4580-b354-1c64e7fc20b3,b3e3d15e-0801-4ab0-b3e1-341f56fa7769
9858ee99-4c54-4ff2-8ee3-5cfb7f792ad5,ddbf9bdb-f083-4e9c-9dd2-adc59580a462
cc12a042-a310-4293-a061-65eaedbdf208,c07f3e10-3ba1-4adb-a8f3-dd645c4e3db5
b2cb7067-18f2-456f-ac59-9d66b958365a,db792fbb-91e7-47ae-a552-6204c36c3c4a
4f71bc34-6a0b-4732-b4b7-f3b87a8fb299,43ee3946-9369-4144-bad7-037a3a6b7280
1c5826a9-1b15-443b-a0ae-d7a8861c80d6,a4059e9a-b41e-4591-a24d-89853252e860
48127d0e-edcf-4e59-8086-099a053a8d10,2018ba10-19b3-46a2-93a7-8ee2ba865d0e
7954b519-1eef-4084-b58a-67513090f28c,31038b3b-bc1d-4204-a6bd-3a7db05e4e7d
d08c2b4f-b3a9-4ba3-be84-a6a6cbd5e20a,166e6d4e-0900-4797-ac57-cc62ab18fb32
5eeaae71-5cdd-4850-be2b-205117b6951a,e331dcc3-1f60-40ae-8674-c028600dd048
8c314853-dc70-4f1f-a27d-00b6bcfba0c6,d6cec4f8-943b-42bf-ba3e-db3b6211be77
54906701-50a6-4736-a76f-85d79aec198c,721c6648-52c8-49ec-9dc9-940d2b26ff8f
4a852ec2-fe16-482f-a7ad-f1c4ae5ce103,f3017d7f-39a5-48ad-9583-31ba09a9a994
575637b0-051a-4efd-848e-cc509155fe4f,3612a410-8d74-4466-a815-c885e91634d4
742ea13d-c161-4a95-b87b-c387ff7d6bf1,3fee7030-0e53-44ad-844b-47cc86d49748
65a23326-95fc-40e3-af6e-8e4a121e0edc,8a2b8f4e-1aec-4ab6-8d64-8ec93a840f29
e38a7a36-cbea-4870-9761-2e67bcc43a79,5fffd16a-ce7c-4aac-b650-8e130a84b3a3
0c984e78-0148-4a2e-aa5f-2154b5bb854c,8b23e534-5fec-4a12-8fff-28ca80360659
a560bccb-742d-48e6-93d4-6b622aaaf7fc,2c8d909c-cc38-43f4-abfd-88f57c0b37c4
96b5f718-d6e3-4238-9ac8-d38d93be6856,5fffd16a-ce7c-4aac-b650-8e130a84b3a3
10986772-be9f-4509-ada3-deb3af537e7f,9bfb41d7-cd9d-45a9-b047-b2f75e4b3c87
10349a9a-74fe-451e-b4b8-5bb9e5e110e0,f3d3bd48-c053-42ac-9e73-389c1dee565d
c09d396e-78aa-43c7-bc67-9e9e6b80c72e,ae6408a8-a812-4cb7-bd91-72f486fca52c
fed5c0bb-7b43-4487-aec5-2c59ad6e7e69,8e8d9ace-4450-4164-a67e-5446dc3243f5
056c60c7-44bb-41ab-a350-656265ea2eb6,76fab6ec-2940-411a-98c9-927d620fdadd
cade050c-da9e-4a5d-826c-a7d12d80c0b3,5ce37a1b-8ac5-4a96-b41e-6640455f77ee
b0169a2d-92fa-45de-b623-c9968b0a0f57,1c4b84aa-fcbc-4863-9a85-7c8fbd75310e
04a4a8a6-959d-4343-bf1b-7b7a191e4bb5,894bb284-85bf-405e-a1e6-2c738de6477d
51467aa4-a979-4972-90f0-b1d95df96993,2c680c14-47ac-448c-bba9-4a6f04fe614b
f4c1636b-62f1-428c-80cf-113eeba1bd98,1394d356-e349-4eb2-b35b-3a7c71d37162
3e568ff2-ad0b-4b06-9c64-a2d1af6f6dd6,fc9e2800-e495-455d-9b15-04ad3404d365
addffbca-6cc1-47b8-81c3-4270a349c9a0,36a3ed16-246e-48f8-91d3-83cc6411349e
b9211028-2cdd-41bb-a2cd-a013e7ef42b0,86c29ca6-0f1a-43ec-9742-1cea42a97dd7
40031abd-b7e7-41a1-bc58-76894a244889,f6c75142-573d-4a5e-bfc6-a8639c645d14
c86f5f94-5686-45a0-92ce-ccb76d1a5d8a,7e9d5532-b172-4c79-ae6f-1e1920792ef1
15b78795-4163-4b31-b463-0e05bd16fe2c,204e7d4c-6376-4ddd-9a16-22ebcdf72b97
441bb969-a399-4364-9613-656c2d310235,47404729-2dad-4668-b6ff-cf26bb4a6561
aae19643-f53b-4deb-a3d5-5e1b4fd8506e,454b3278-6df7-4499-88fb-faa62be03c2a
baa5fc38-784f-4d05-b8ed-2a94dfbb820d,4a03feca-91a2-4627-a5c2-0b588b13d5f2
c17d34e2-514e-4c6c-8e2d-0632288cada6,431994c7-715f-4eaf-8b59-85ded62f453c
0a32c63d-4e46-490c-8c9a-ce88c5f32559,0a0edbd2-6ca5-41a9-b5fe-7338192c4998
0a925222-3412-4cbc-9400-0a8f2031c4a7,6e037c47-a10a-40ac-a6b7-e5fca3d8fdd3
5fc8f054-f466-4636-812f-620928747a2e,0252a51e-784d-413e-bc69-332ef63ab528
1e68c9a0-da27-48b2-b37e-3f46af3b994b,84fbf3ef-40b9-4be9-81ce-63261795646b
a8495cbd-652a-4c7b-8b02-bc74764276e0,fa346eb5-95c0-4234-81fa-36251feba547
117fdaa4-3794-4030-a695-6a7489bdfa5a,e8cbe622-e0fa-470f-bf40-295e29811665
2298ed69-9188-44bf-88af-65a7ca778c32,721c6648-52c8-49ec-9dc9-940d2b26ff8f
d685b53f-6b63-4920-b6a6-c8f0083ca51c,0066b12e-945d-4327-a160-f609409f8b0a
8cf1cd6c-ca30-48a0-8db4-4981dd8e6763,4d3fd119-f2fb-4d16-ae75-0e05e650c000
a6edc871-ba91-4cb3-afe2-ed165e8a76f6,00f50560-bc87-41cc-bb0b-ca73450d7168
42af3f1d-9a38-4583-b741-ae9aad30bc07,d01ca799-989e-41fc-a830-9781660ec797
30646a02-8965-4c23-aec6-f31c3d86c0d1,70afc3c1-8517-4690-846d-099fc93368ef
9ed618b9-2134-4db2-822a-37b3d86fedd2,f5603cfa-a71f-4aaf-8ee9-21c866c98698
fb6129ef-8f02-410b-8b40-b0c7f970bf87,b5512f9c-ecf0-4eb7-9504-d1bd30edbb8f
8e7419db-9392-4b08-8175-8ee66abf9919,6e037c47-a10a-40ac-a6b7-e5fca3d8fdd3
f334ae36-13d9-4ea8-bebf-26983a002f66,3b9d7845-9a75-4061-a8d0-2da34878a9f8
1ccaa903-71c0-40e6-9031-b23c8d621b2a,b0d76d7b-384f-456a-ad32-0f28030d5fcc
6e1ae51e-fc37-4a73-b248-ff3d3137557a,1b1f3228-806a-43e2-9374-8973a6f43495
03d4330a-7889-4abd-89da-70681752b9b8,80db8204-8a1a-48f0-af89-ce81273fef8a
c70cdaf8-d599-43c4-9e12-c68a27ebc032,fa346eb5-95c0-4234-81fa-36251feba547
cd134127-cdd5-45d5-880e-ff1c8a998637,d1ece9aa-2276-49a6-8e82-eadddfad3dab
265d69b6-adc9-4761-962f-c22b0fdbbd37,9179f022-bb0a-4048-8822-7a2cdc4e64d7
e16adfce-5935-48d4-89f0-775b8f483037,d92ef763-034f-4efd-b37b-39f37a960734
bd500bed-3a56-44e1-8d33-eb4f3bf970d9,a05151ef-90e3-4235-9434-75e9035b05a7
140330d2-7a43-44dc-aaea-f208737035d9,fbd88015-f302-4691-9898-7bae1f6179b1
55792b5f-dea8-437c-9ecb-dcb82dc205c1,c483919a-a01c-409b-b6c5-ed25e6d6d6aa
3df1cebd-0d6e-4473-aec6-63c6456dea10,68d7596c-27a4-4db8-9bf9-fb08297e6705
4fc7f5a2-72b1-4063-a6c4-46464ef990a5,599db172-8156-4c9e-975f-0272c1332371
6f8c307f-5099-4c86-916f-d9dc49e173f4,a7ffa715-e938-4d4c-9232-f95b7d1a1e27
d0342f79-aaee-4f35-a3a1-fda478f086a7,18fb81ae-2e86-4ea6-8570-534a60430e8f
f646d1ec-8d94-4782-8cbc-574220bedee8,464a1642-4e74-4c0d-bec1-4c1a99cf94d7
058a58c4-d089-4883-bc21-8c61c673cf28,1fa0603d-6f29-45cb-aec9-88673f880d93
5f068952-4db8-45df-a161-020c7a92bcff,82865d9d-f7d4-495f-bbb2-7205eafffd91
89e0031d-6e71-49e9-a94a-8b411540501f,6868e7b1-3f44-48b8-acf4-6ab1ed00be47
8e1bc6b4-1166-4139-b0f3-0758f791dad8,5466930f-24a3-4a95-8d94-69915c21569f
68bd3299-788d-4e4b-82d9-09f48a059033,086c4da5-bd43-404c-bb29-fcf221158e25
05c5f44e-dc09-4e4c-8b96-80d7e8c94ec4,c8137fe5-5bbc-46b6-817c-680532a6e11b
74fa24db-1e85-48a5-956f-0c0d4a3e9a88,cb6892c7-e42f-4b27-88bd-ce671d2094f3
bd9a30ef-201c-4901-8ec9-736632c9ade3,d559c648-76bc-42fd-ab5b-cfcabc833fee
30470d9e-d9e6-4a93-bd45-f135123a9400,e96d7fe4-ddb9-4867-a9ca-738f5338b7df
c20f51a6-2f14-44dc-a1e8-f992509e6fd9,547d6e1d-d96b-478e-94ed-a71afa6668ba
e7f1bb8c-edc5-4596-9400-a9605d254f2b,72dd59d3-c228-41b4-97bf-c7e6218733fd
4a4c6810-3f6b-499d-8ab9-c604fa8a51f2,7a12848c-4149-4e87-a860-f5bd69e972ef
4ecba3d5-6133-4601-a809-f43a1ae036f9,d340c21f-ca83-4f03-8a59-dc15ca81387f
79dc8486-73b0-4147-99fc-2cc2e8211ddf,495a6ce5-a41f-407f-a2ea-b20e31207979
9b795a83-0bcb-400f-9b2d-37d826bf599e,ae7347bc-e400-4958-9d5f-f7d79d123bd1
09a00461-ec1f-419c-917c-2cc084155bd2,b662c546-3361-418f-88bc-718d541b14d7
de97c765-e145-49fe-a7de-757320ca6cd5,94aa7cff-8c4a-4834-80d1-57e8412d0584
e699f5ef-95c4-4641-be19-7cf2bf164edf,82ddd2a3-7420-47a9-9a18-03d65a39090d
0460453f-a905-4b69-99c9-b664504a0f1b,1f422f33-84ce-4b8c-bcf8-d52c0294ac66
48378150-3533-46c5-8068-9f3d031bd0d5,4fe968a1-5598-4802-889f-678e92512421
fbbf2c60-0881-4db2-9af7-cfa51e7c9c2a,1f422f33-84ce-4b8c-bcf8-d52c0294ac66
447e5487-1fff-42ff-9099-014b2551a9cf,81ad1359-814e-44cf-aaef-37c27a8c30c6
ba413091-17d6-4901-972e-e4d4d264cf0a,ede535c7-0592-4d7e-90ae-f34597654841
4e7a439a-51ed-40b5-a115-ebd70ec94365,76625217-e10f-47a1-8942-33646298fdd1
cc1393d8-b9d7-4680-888c-ccd299d3c7ad,b662c546-3361-418f-88bc-718d541b14d7
4ff178e6-ac12-4cc3-9a4c-4a24ab5fd8c6,599af9a6-065f-4855-85d0-c6ee4704257a
37afa8d2-9145-420a-a4d8-da94d43ae199,b0a17ca0-260a-4d9f-9002-ea991f2c53f5
751550b1-b5f5-4bbb-9dc9-a58e2510dc30,d359c768-c083-436c-8b9a-8d7b5b9fa8b8
4904e769-2e1d-4fe0-b15a-a8c1ddee2662,547d6e1d-d96b-478e-94ed-a71afa6668ba
838946f3-444f-42f0-8773-3b8c35b6ea1d,eacdc1b5-6cbb-48aa-8e61-f25ee894b508
93c81ad5-939a-4d65-9f74-b63cfe23a2ff,9750b82c-4075-4bb7-b07a-339a513134bc
d50dceb6-7c56-4ff4-bf3c-173b81e1edae,721c6648-52c8-49ec-9dc9-940d2b26ff8f
cdefaac4-ae59-4610-8331-6e9038cc5026,93a1a5bf-542c-4ba4-8118-7449f89e6e92
462b390c-d864-4653-81ef-f3e2a25402de,325f23c5-1d75-411a-8408-e0056bc24446
c2e08477-719a-4ed0-88f7-2f9c3881bc0f,0b712240-29f6-473d-93dd-a2e652426da8
4c4f9497-2cc5-4f06-8970-80039486c600,212b1dac-06fd-4e05-8345-39d303fd2aaf
62627009-82e1-4ecf-9097-8109382669dc,0f9b8d16-d9de-4905-9d2b-7e71fbf30caf
ce3c20f8-f658-4a5d-af55-443e3d3a9f40,408fe675-13be-4a95-b3cb-75a7a29cf1e7
4076b383-74cb-49da-9c0e-bbccee00fedf,6c7e9e38-ee0e-454a-997b-d064fdf9e2f0
dd0df8ae-0101-40c3-9f11-8f3b88189748,bf3ce795-84ef-43f2-9b86-2b609f44ec92
ae90be06-00cc-4b48-982d-002896f2b541,d340c21f-ca83-4f03-8a59-dc15ca81387f
a63883f5-2b0b-4aba-89df-a44e0a8706b6,41eb132b-2c3f-4847-871d-b7e28b215273
a0958ed7-75bf-4f5a-87d9-3c777ffe9cbf,47404729-2dad-4668-b6ff-cf26bb4a6561
2a7514d4-239a-4a43-838e-17617d64dc56,4150468f-9350-43f0-9e58-119725967a61
1f258795-23fd-463e-b882-b36180926452,431994c7-715f-4eaf-8b59-85ded62f453c
3182558c-dec3-43d6-a7bc-cabbef4e578f,31038b3b-bc1d-4204-a6bd-3a7db05e4e7d
9ee063ce-efed-48b1-861b-698a5e5977e3,ce131665-c090-43fb-815d-1704edb5b2ae
b1cfbd1b-5c03-49a2-8c53-67e5445382e2,f3b07703-e62a-4888-99f8-c05e82abc125
323a294c-3d5f-418b-b05b-84405de41dab,eacdc1b5-6cbb-48aa-8e61-f25ee894b508
e185f34d-a5d0-4c21-8957-84c48950409a,c940eb49-8862-4efe-a7ce-49f8fc0c64a0
b3f4daa9-24e7-448c-aa1f-b5c07481bb2c,9683c4a6-f355-4471-836b-9e448e46debf
5eeeeceb-a417-43c1-b981-553ec2a0d621,44380789-e419-4f4f-a0f8-9b179a854148
2001062a-ac89-4070-9d8f-3d00556520d0,c41c681d-d721-4861-8a1c-ad84f70ef22e
35d82ffe-f0ac-4af4-8eff-10f16fbf64be,bc0b430a-f9f9-47b3-92b2-84b81f8490bc
e781a88b-3440-4d5e-9acf-a9450a2f25e7,a4059e9a-b41e-4591-a24d-89853252e860
67e82519-bc7c-4cd5-8813-65188e4e30dd,b04ac697-798b-4eaf-819b-5c396e628575
fb07517b-cac0-4a81-9c3e-a703a84b2eb0,f5603cfa-a71f-4aaf-8ee9-21c866c98698
8978b744-db96-4f1d-b2d1-41b8a541a7eb,19d15113-3410-4563-a37d-89df15bc535d
318f2abe-877f-4b12-bce2-0483f0aa74a4,a1f53cd9-4dfa-4137-9575-f77ba259a394
35ad593d-b5e0-49c6-921b-be4fe83670bf,a1f53cd9-4dfa-4137-9575-f77ba259a394
d00d0008-1333-447f-802a-d0b19d72c194,b562603d-2cc6-4609-880e-a08998c6b4ef
ad07b797-5e7d-49af-8bc8-631ff6675a03,66dbc7f8-11ae-4a1b-9e9b-9b66be59f80c
44cec6d7-d26c-4b25-b06e-c9a7c0a53bee,8e8d9ace-4450-4164-a67e-5446dc3243f5
87291096-8220-4c48-b945-cbafb9a15617,cae10f2f-c0db-47bb-a969-1c60b638572e
ff5b6de4-0ea1-41ef-913a-6a859a5ed50d,bd1b828e-27aa-43d7-882a-21d442fb273f
6faf9836-0a09-4209-8e53-c232f5794e81,d01ca799-989e-41fc-a830-9781660ec797
77d3a880-66e1-4a34-8455-39e436365e63,8695d781-685c-4066-a91d-26c2004a7704
534e90c3-348f-47dc-a660-e21c22ab09b8,7983cb70-441f-4893-aa03-87df71e13d4b
9210c0b0-2c7e-47c2-9638-0264d6a05569,8e172165-aff6-4370-a90c-7474826cecef
2f3a82a5-d390-4a73-884a-1c5e68eefee0,5b21bf8e-e913-4f64-af12-e52d7da153a3
f9b1c56d-1bfa-4472-87bf-ba620901257a,82cba5ed-5227-4850-845e-b25d2cccf2ce
aa4383ef-bfa9-47b8-a3be-5bdaf8e29d41,e96d7fe4-ddb9-4867-a9ca-738f5338b7df
cfc42caf-c36a-4083-b75d-0542eb51eff8,5999e1b0-c046-431d-9cf3-4541dce190d8
958ce00a-be02-4b54-b12e-a7bb2acb4dd7,b1b14265-3620-4f6b-b562-671148637525
778fd825-f5bf-41c0-b019-eff59754d899,495a6ce5-a41f-407f-a2ea-b20e31207979
bc1d29aa-acd3-4c48-a60e-00359e9f7734,5182ff57-eec1-4fd4-a955-79a15a287057
a63341c0-1425-4bba-985d-82ec35fd65b0,1878942a-c693-4280-9413-017dfe6cced6
ccc16612-35f9-4b8e-bf97-9602f35ed279,04143537-737a-41de-b2e5-8e1500993f90
0976b06b-8821-46d0-9eb8-9a0292b8aac8,6868e7b1-3f44-48b8-acf4-6ab1ed00be47
0758b6a7-7e97-4f65-a6d4-2e78fd293c83,c532ed0a-ddcb-4852-8d25-c405dd9e709f
8e7f0b51-61df-4e98-a352-9c63d9ee7f71,762608a1-24b6-4644-a5a4-ab73117507d4
1e63a72e-8f31-4657-938a-985d17484b39,2cb985bc-1c53-47c6-aab3-fe6fa2e9d900
cbedfda2-ed30-47b1-b0b4-cc7bc2c13a83,65db5ea0-9141-4e28-ae64-4b175e16edcb
cb5d6e60-be08-44c9-8832-310a46d634a9,7a12848c-4149-4e87-a860-f5bd69e972ef
d07bb347-04f7-42b4-84e8-c63850476327,12b82fb1-44b9-4c2d-b4f4-072e3d44c240
2d5ca15f-ffd1-451e-929b-1f79f959c1ee,7933c5af-093a-48b3-ac48-09695063958b
cb0b241b-1418-4506-8b5f-05a420ec5bbe,f3017d7f-39a5-48ad-9583-31ba09a9a994
8be8d622-93ea-415c-a6dc-3f16b944e968,b6ff05fe-5575-421c-8143-a6fe8d084dbf
9e049b96-187f-43d5-8bb6-72894e5164f2,3daf510f-5a5d-40c0-b2fa-7b20d8eb374e
b062c2d8-4c10-4be8-acc5-1e2b20338534,47404729-2dad-4668-b6ff-cf26bb4a6561
52160516-4cc2-4055-97b9-30a9a7f0da7f,761c8048-deaa-46a3-b2b4-d4c63ccf4b9f
79dcde41-f550-47b7-8ca1-8449dca5db83,f3f4bc72-5748-4a61-a9d3-00fb5a48edff
4b529643-7950-487d-81ae-3eb97bf669e9,a5b66e14-bce6-4625-a7c2-c0c4344ceb39
acf522d9-99eb-4b32-b208-030159fd26ec,a5b66e14-bce6-4625-a7c2-c0c4344ceb39
bf8e0f7b-5932-4fa1-87d2-62e074478183,a7ffa715-e938-4d4c-9232-f95b7d1a1e27
ab6eb716-2d85-4900-b24c-47b70042f10c,1878942a-c693-4280-9413-017dfe6cced6
b91f4552-b4ce-4cb9-8358-8d91ee78449d,19d15113-3410-4563-a37d-89df15bc535d
71909ce6-c335-4314-b0c6-13691a1a33ba,7b3513b3-e2e7-4423-b1e8-8fd8ef7f6040
feeee370-b63f-4284-9bda-cc16422d0c51,4831b5e4-462c-423e-b809-7fd8fce8e9e2
027d518c-e822-4068-97b7-73fe4c54a31d,79820697-745a-4f18-9d65-0b94d4e2bb36
ff833742-1ae2-4609-b7cc-88d511d04031,8a2b8f4e-1aec-4ab6-8d64-8ec93a840f29
4259a8cf-2c12-4c7e-ab4c-8c109fdbb13d,c41c681d-d721-4861-8a1c-ad84f70ef22e
c27fe7d1-4a30-4bb7-bcc5-02cffd190967,8a2b8f4e-1aec-4ab6-8d64-8ec93a840f29
7885e5ef-ddce-40ab-9333-ed9b24635813,c8a60a09-ead8-4699-8dfe-84a6853986ee
b84652b7-36fd-474d-9b0a-d3fd5c0d80fa,327dbaaa-acff-41f1-b241-7dea5019c98a
ded22b53-0f80-4514-9c2e-5ee98259d9b8,dbaad27e-63e9-45b5-badc-57029e9e4575
29943406-f8b9-49ca-b2dc-0ad1680b26e2,ea8b8c74-196b-44cf-9d91-67c2ca596018
16bd1bc8-63c2-404c-9474-565a6f657320,ddbf9bdb-f083-4e9c-9dd2-adc59580a462
56854811-c6f8-49a1-b8ef-40fa1e357566,3612a410-8d74-4466-a815-c885e91634d4
5491cb80-3f97-4ea9-89c4-8cf88d6fc7ca,eadffd48-1db6-4f34-8cc3-53b74b7355aa
a092d340-7929-4818-b4be-6ac2e73cfe4e,5645ad9e-2dcd-43de-b6f4-e0c8aea23d81
61ffe77e-6c11-4f81-9fb3-5c81892ff235,30094f03-a182-498f-8c28-511ff57e97a9
19f47a5c-e3ef-4c1a-a1d7-4b45a7dfa087,72549594-7b26-4096-8213-f1b0733b9587
008407b4-b333-402c-a882-8a411e95c099,6af013e0-cbd5-464b-a94a-6e49c5ba04db
bf5e10bd-2a5a-425d-bdef-6151ba10694a,5219b9b8-6547-498e-93ce-245b0f2c6051
de894bd4-f7cc-414b-b5ce-4d3f06024ea9,7b3513b3-e2e7-4423-b1e8-8fd8ef7f6040
faa5e563-e945-498b-9089-8a61ee9a4ecf,9f55d3f9-2ab9-4310-8bbe-ded1948d5ba2
0ded76a2-bb65-45e9-8a1c-0a48c59ef48c,d338fa41-a11f-44c1-a86c-e036baeddeca
bb285dce-10cb-4dd5-b67c-1cbf65bda246,866fa68f-8181-4801-823e-d7033f3c6700
a1f12040-27e5-441e-b742-67cca6dd373a,849c4782-fc24-448c-85f6-48b64470a04c
83715299-0192-4330-819e-2e814906337c,987afb89-5b98-4cb5-bbfe-4e8fdabc4360
dddedf2a-9a09-4cb6-a827-6a4bd83ba753,3522575a-f332-44d0-8adf-f15a10afca3a
d33f372d-8ca1-4335-be81-5a6b2b2e952d,4effd7b8-b67a-4c8e-b9cb-b61d28eb8707
d28e794e-3494-4b8e-8231-165e69db0fe6,fbd88015-f302-4691-9898-7bae1f6179b1
6d79b697-89a6-4cd7-9841-c31019788d3b,dbaad27e-63e9-45b5-badc-57029e9e4575
52aab832-7583-4b1e-9957-a478646fa2ec,5182ff57-eec1-4fd4-a955-79a15a287057
4910da2b-0ef4-487a-b313-4c5567154501,b32e7721-89cd-43ec-93d9-569deee5fa39
8ab379be-ae41-4cd0-b4dc-a1eb7befb434,3acbfec0-bc19-485b-be04-49c207f4cf8b
85f5fcec-4b81-4a3d-bd0d-d04a59dd3128,fc9e2800-e495-455d-9b15-04ad3404d365
b6c1dd22-5f46-4a0a-8b7f-e48e414f5e76,a89b523e-e59c-414b-881d-a78b6bb3fa44
8a60dc42-9483-41e6-bf1c-eca32c70caf6,454b3278-6df7-4499-88fb-faa62be03c2a
e7dc96de-9beb-4acb-9061-a5f8e9cabc30,79820697-745a-4f18-9d65-0b94d4e2bb36
272fcb7a-b10f-4c5a-aaf5-aa8d392d4711,8a2b8f4e-1aec-4ab6-8d64-8ec93a840f29
6c4b5c54-a252-464a-8b41-f40503a52661,a4961c64-b00a-4278-8946-30570a301fe2
1e186fdf-887c-4328-8b02-b361c49b2dfc,06a3b16d-428b-4815-abe6-11f825d59da6
5552edde-e463-4f84-99d1-fc9a88aea5e6,3d0da1eb-8d03-4e29-8d5e-79f4bad2e8f5
ab74ad52-81a1-42c3-be9d-dfe3bff50e48,c52ddd49-204c-4771-8d9b-4ed4a6ea07c4
455c59f9-0adc-4afa-9d0b-3f1ac3c9e9b7,9179f022-bb0a-4048-8822-7a2cdc4e64d7
274f322c-1b51-4588-a3e2-940be21a3163,b65bd202-eb91-431e-8ab4-f8060f9d4266
d6031c81-e9b8-4947-88d1-84bb43807007,241af18c-29ef-493e-a4ff-5a2a7ba29eb3
8ded9c84-4d87-427d-bdb9-7c617cd3d88a,9179f022-bb0a-4048-8822-7a2cdc4e64d7
1a47d6eb-de81-46f2-b6f0-1f3f8fa440de,987afb89-5b98-4cb5-bbfe-4e8fdabc4360
92dbdc17-7823-44dd-984a-83b5abfa3be9,e6e8bd56-4ecb-415b-bb21-571820ad338b
580be403-d2c9-4a2b-837f-5ed87a919a9c,bb40ca26-84ca-4196-b8f5-0305db943711
4e03deac-3ea2-4e26-8b95-7ef7b7088470,18fb81ae-2e86-4ea6-8570-534a60430e8f
c649af97-c763-4c2f-af63-17bfe90be3f0,cfd93f23-3f34-4b39-9a05-118bf069ebfd
d203887e-e54d-4cbe-85de-68e474c41421,46bde4fb-1488-4b27-80f0-0500ea781ea4
25f0f14a-119d-48fb-ae32-230a4b402b9b,721c6648-52c8-49ec-9dc9-940d2b26ff8f
35b3fbbd-6ee3-49c4-9c26-7c5a08635a0d,a4059e9a-b41e-4591-a24d-89853252e860
46beaee0-ec41-4eaa-8d53-88e44868f512,560228a9-8303-4acc-abae-5c5ba3a27351
70a43a00-040b-4707-9640-c70f9545560f,b0a17ca0-260a-4d9f-9002-ea991f2c53f5
25d144f8-2b23-43ef-8d56-c4c9e29b2951,f6c75142-573d-4a5e-bfc6-a8639c645d14
2495e101-322a-4569-8294-3540ca5326ae,fb60d5fa-3d7b-4972-81d0-572cdac6cc01
89121714-5340-4d8d-88ac-f95a1e465090,3a108f7a-cc7f-4c4a-a4b9-8a58af9df4e7
0e9dbb08-ea5a-456e-b0fa-f5490b70c585,5466930f-24a3-4a95-8d94-69915c21569f
49d7eea0-5efc-4dfa-a24d-58a643f15d91,a7ec37ec-98c6-441c-a7a8-e192d3070b41
a345c554-f3bf-4464-9b65-dbf33f686e1c,3e00540e-8c48-4e88-9099-811b5bde4bc9
fbdbe7c4-88ce-4b11-85d1-2d8797b94359,d599c989-5d20-473c-a79a-1d6d84f22817
7dbdb1dd-145b-4e6d-bdbf-f07d2a8e2b63,e5df6e2f-3489-48fd-9895-b58d459ada2a
a2033216-a60d-4ae5-8e21-7ebb446cb311,f3d3bd48-c053-42ac-9e73-389c1dee565d
580beed1-66f5-4fc7-835b-fad31f343175,79212fa5-cc6a-4536-8fdd-392b2426839e
2f674ed7-75d2-4caf-b449-6e1bc91e5b7f,eb0d0c00-cdc9-4df9-83d5-b56402f23b80
e465d467-0420-47ea-909f-a9a8a83779c6,04143537-737a-41de-b2e5-8e1500993f90
f6d6d1cd-3f88-4793-bfa5-102de8e082d4,16074fed-d440-40bc-bf7c-cdedd89c8146
a3b1cedf-1a30-49be-b954-d9a2b088026d,cbcc7dcc-5728-40e2-8ea1-1b8c7877a1e8
ac372446-f6e4-4270-85f1-19ede87212db,1f422f33-84ce-4b8c-bcf8-d52c0294ac66
7003cbce-11d1-49f7-9ab1-4d3c27f9eb44,86c29ca6-0f1a-43ec-9742-1cea42a97dd7
de68638f-7ebb-4768-a181-2b2e4abadd12,eadffd48-1db6-4f34-8cc3-53b74b7355aa
8397a72b-d521-4560-8ce5-c2535da54046,143e8535-77af-4920-99ff-4a00f8e64f0a
2bd6f325-64ba-482d-b3e3-a7d912af4849,a0b98aac-d4dc-4073-9e08-a0ea91fa9377
b7118de1-9887-45cb-92f1-e7fc63ec2fbf,42007dd2-43b0-4201-a9c6-4e25af650def
9d50c881-7391-490d-bb15-a0c02f282b0e,82ee98c9-4857-4c75-8b18-d88aa9fd9090
ec98611f-c472-4083-8128-1c50a907793a,d92ef763-034f-4efd-b37b-39f37a960734
b62b24b8-7a17-4cae-976a-56d7bd6f58b1,c153d193-b8c3-4d76-896b-3e2b901d7fc2
663769ed-bb68-4270-bb88-5b9ef3ca9af1,18c082b9-3702-414f-bde1-75ca05746715
9c52b972-306f-45d2-9533-caace113e035,27001ba3-b570-4b59-9a27-eedc45f2fa80
ceb87831-151b-48e8-bf9c-9f924bc348b1,02a36972-114e-4c6c-b1f6-793c406d30ac
c5eef9b5-e08c-41bd-924d-f0b5fc0a1bb9,72dd59d3-c228-41b4-97bf-c7e6218733fd
4d5c9bd2-1e93-4c74-a62c-9a5e88d60900,a0b98aac-d4dc-4073-9e08-a0ea91fa9377
367b1339-1fb5-47d5-b408-4ba0a53e83dc,b913dda3-4e51-4e71-b752-db343d6aedb5
e986185e-9b60-4dbb-bbdd-f83d1b702762,0a0edbd2-6ca5-41a9-b5fe-7338192c4998
dc610708-696f-4225-8c34-6a8d62d2e34f,47404729-2dad-4668-b6ff-cf26bb4a6561
46e15eac-4172-4e61-ad87-03ef7ca2ba46,59ba1812-af81-4f0b-afa4-3118652820d9
52a60078-b9a2-4363-ae82-d64b382d6faf,ca477fd9-dfde-46c4-9351-e058ae06f123
5bb567ae-8292-4197-acfc-faa55c79653d,454b3278-6df7-4499-88fb-faa62be03c2a
f2922d80-271c-43f3-acf7-2da0b11490e4,23806b0a-a18a-4f10-8ad8-3ec4502cf5df
3f0d9a4d-e955-4224-a9a4-065b966abe06,3522575a-f332-44d0-8adf-f15a10afca3a
3c003053-a917-49cb-ae64-9c0fb5f660d1,abe5e43f-46ff-47b5-93a6-6016c2d3ffc9
e25db99d-47e7-45ba-968d-a6f2bfef627c,560228a9-8303-4acc-abae-5c5ba3a27351
5e3732f5-617e-4323-9c3f-14947a35f01d,cb6892c7-e42f-4b27-88bd-ce671d2094f3
f086d2cc-1f91-4363-bfc7-50931a7cada2,987afb89-5b98-4cb5-bbfe-4e8fdabc4360
a88fb874-ec72-4ec1-9b7e-fc3fa9824b0b,b3729ea6-f3af-4c4e-8073-cb6294ac27dc
09f5570d-e251-4499-a94a-1dbee52a77f9,795a4157-b91a-4906-b89b-17f53369f315
99ea03bb-3906-42c2-abcc-770bc2524f38,4effd7b8-b67a-4c8e-b9cb-b61d28eb8707
53c54756-c39d-43d5-b407-39a217b2479e,e086b34d-efaa-4e88-b116-40b203b24bb7
45b6b467-0e31-407f-ae35-4cbfa9966ec6,2018ba10-19b3-46a2-93a7-8ee2ba865d0e
d3eade79-bfe7-494f-9158-89534f4d759c,4effd7b8-b67a-4c8e-b9cb-b61d28eb8707
168b417b-1f89-4cb1-bb6c-f3e53f892196,066af1a8-28ca-457c-baed-45aafb637fdf
846a9e39-6052-4f34-b16b-1f373729d08a,111fbf12-3b45-495b-8540-738944cdd7ea
c7fde90f-92e4-49f2-9f24-c61afce5a272,83a7abf7-4cca-4fdf-b373-7da70dcbb4ef
4bee8418-a292-47ce-8f57-e1ca6faaa6e9,f6c75142-573d-4a5e-bfc6-a8639c645d14
356c72c1-4d4b-48f2-95ef-41f306085ab3,56849dd3-1f36-4baa-bc02-7f7c611950a2
7950c953-8d64-4189-a14c-e718ae7f12a4,ce4877fc-aaf3-42fe-9cd0-73b6ae477d4f
6698af72-18eb-4424-b424-1e2c8960e543,4831b5e4-462c-423e-b809-7fd8fce8e9e2
aa41e999-84f7-4a16-9b3d-2450858431bf,5b21bf8e-e913-4f64-af12-e52d7da153a3
96e17f63-e10e-43a2-8ce5-3d97a7e1e24e,77436f5e-b1a9-410f-a4fd-112e818ab0ee
fa383eae-8d39-40ba-98da-dc4d7525a180,204e7d4c-6376-4ddd-9a16-22ebcdf72b97
bda94df0-f482-42a0-8354-d7d00a462cfd,bf77ad57-e35f-4d5d-9ec2-d732ea7380d5
74283d26-39c4-4570-a353-c663ffc72815,c8a60a09-ead8-4699-8dfe-84a6853986ee
6c1e814f-e0c3-4989-916a-7d6e6fd21dcf,618fb193-08c2-4402-a953-7935ba1ab744
0d695b09-98c7-4c2f-8b39-fd13fe7275a4,1bdbc5bd-360e-43be-8d89-30f71b4c9dee
a5c431dc-7375-4dbd-8ee8-e4b0bf55abc2,bea6ce51-75d0-49d1-9dff-b8cc81cc3416
a26a66f8-32a7-401f-b84c-a5563b69d3cb,c581e444-3666-4685-a844-47b7b70b7d3b
ee4909fc-828e-41c3-8b5f-e5e035c12010,f5603cfa-a71f-4aaf-8ee9-21c866c98698
b7329402-2e43-4869-814b-06345d2e9732,217cde71-ed7a-4f76-aa9c-ae6af74b7996
cacc6024-3f04-43a7-b407-81990a14bfd0,212b1dac-06fd-4e05-8345-39d303fd2aaf
49cd0452-2eb4-4155-8724-51c91f2bca4a,08b1f36a-afab-4cb0-a80f-4914779c3996
27817dca-b5e0-4c48-a1e0-088794597df1,8a86e4b4-5d8d-4b63-9dc2-02c611fd5da8
e45c2784-986b-4d0c-828f-5f17a8b0e962,bf77ad57-e35f-4d5d-9ec2-d732ea7380d5
7f7fcedc-d42a-4264-9227-63613b50ea0a,408fe675-13be-4a95-b3cb-75a7a29cf1e7
28cddde0-eb27-4e74-b6ce-6f51b80a3101,895183af-7ecf-4d95-8811-92e40d3752a3
896ce63b-78c4-4e9a-a6ae-b2c51faed2b1,066af1a8-28ca-457c-baed-45aafb637fdf
6ed5638d-dc4f-402b-be90-95ef0556989a,f9934811-9db9-455f-b79b-8c7305eb604e
5eb0a02a-742c-471f-acd9-327374721cd5,cb7d3823-b97a-45c0-a3f2-a1e39c2b1985
025787ee-77b5-4074-af56-f1691f99e0b4,299bd8c0-10e2-45cd-90c0-6d78f667144f
9b129819-900c-48c9-8b1a-04207793d732,cfd93f23-3f34-4b39-9a05-118bf069ebfd
364693d1-d7b0-4e79-9ec9-6bf3c56a0fed,cae10f2f-c0db-47bb-a969-1c60b638572e
0a07b375-a8b2-4a03-be09-676b6679f14b,a7ffa715-e938-4d4c-9232-f95b7d1a1e27
3ef8bb67-a7fc-461f-962e-7a6c2a417738,066af1a8-28ca-457c-baed-45aafb637fdf
40589195-d9b6-4dfc-a6bf-283c60b6b011,7b684326-c9ed-4122-b274-bfa865a8979d
3ac3a843-a5cc-4616-9078-493d7763154f,cfcc5e34-3fb0-469e-8888-cde6260e8f32
498df3de-c674-4b86-968b-cedd56dba417,76fab6ec-2940-411a-98c9-927d620fdadd
43e63fd8-1245-4da0-9c74-a97860b79a70,b0d76d7b-384f-456a-ad32-0f28030d5fcc
f88ce2c5-d4ab-4b41-8af5-7d937dd5648f,e3a3ac4a-9336-414a-9cbd-98eac9fa2795
b1dbc093-f37e-4628-8664-8addd8c6d302,82ddd2a3-7420-47a9-9a18-03d65a39090d
43adba8e-e5b4-459a-b521-300fc71905e6,5f6af619-5b86-44b1-a318-efe1a183a464
4ad44f78-c262-417e-a146-90ccca1bc312,2cb985bc-1c53-47c6-aab3-fe6fa2e9d900
e916ac4d-b251-4e56-9d45-9e5faa560885,408fe675-13be-4a95-b3cb-75a7a29cf1e7
045ff9a4-7f98-4098-93a8-66d08e945198,dadf7d3a-d254-4fa1-9937-a2bbf840347f
0f3c79bc-2ac6-4e44-8379-5ee8ac55e0d6,af64e468-e04a-4adc-83bb-3eb7015e1bf3
57339310-cec6-4e0d-a810-4274f259ec77,d3422460-690e-44bd-b35e-5a6d95afa7ea
1610720a-85cb-467a-824e-dbab3272885b,15fa343b-b580-4a60-ba34-dee1da74e097
1b5b2990-23da-4e65-882f-44d4de9dc015,8d227a43-21d0-470e-af3d-ec6397869a5e
91704335-73a5-4504-9534-9fed7d5e5d6e,6af013e0-cbd5-464b-a94a-6e49c5ba04db
d34b623b-162b-4f85-845c-b071663ab553,d01ca799-989e-41fc-a830-9781660ec797
87293a30-07db-4dab-9ffe-5c63b2c8fac7,04d42afd-1788-4e6f-893b-42db115cb00c
e2f3a4d9-6995-4926-93e1-33e38f6da17e,5094933a-fe52-4bc2-b6b1-9031a447ce84
f12c482b-c07c-47db-8005-ac908c9f4bde,8b906df9-232a-4097-874a-3e9cf677aa06
c1dd57f8-1195-4f97-9e2c-1f3c645f92e2,761c8048-deaa-46a3-b2b4-d4c63ccf4b9f
5faf4654-a0ed-4079-af8f-66d9b8a45444,c1088826-04ae-4660-84a3-ab08db45a2c1
2ab73e26-1207-447c-b06c-53b7e0cb71cd,ed66f710-38cd-4a5e-90ad-5fe426d60107
0d1373f9-ba91-4d42-b31f-d316c59c9e23,c699631b-2fee-4526-b555-bcb2783bf0f9
24579d11-2129-4282-9937-4339a46580de,27aeba4a-2f57-4ae9-979b-dcf6a26bf148
253bfc76-befb-4db4-ad6c-9bff8e85eb09,1f422f33-84ce-4b8c-bcf8-d52c0294ac66
dcafeb64-d499-4be9-ac53-13881f4c56b3,ee733b41-9262-421d-8280-95c0d64e1351
413dc24d-6df9-4440-9177-33397a8684a7,fd6cd2a5-3efd-4f55-81bd-ba454808ef11
920d9876-ec33-455d-9cb7-abfb260fec47,c8137fe5-5bbc-46b6-817c-680532a6e11b
0f3785a1-f407-4517-8627-d07e2086213d,3df6c8e1-aed9-44c2-8693-8352c3865cee
6e9e5cdf-417f-4377-a0be-be436ade1b83,8d227a43-21d0-470e-af3d-ec6397869a5e
eff9a034-80c0-408e-beb3-a0ce2fb2de09,5566ef69-fc41-4b4b-beb3-76497e25b426
3b198c55-e2a3-408d-9c1d-1a60f6dc8288,df2ddbc0-fcad-4bf6-a5e2-17796764333d
37df8c08-4bd9-4a0f-b358-30bb725c2a58,cae10f2f-c0db-47bb-a969-1c60b638572e
20466ad6-a854-4d63-9679-08b50bfd811e,8a2b8f4e-1aec-4ab6-8d64-8ec93a840f29
0e739771-2e3f-46e1-af5e-81c3f35fe2ba,c09e509f-65dd-4d08-a642-d90c28bd8184
6ad00d59-ec83-4e17-89f3-20d0aedee419,81ad1359-814e-44cf-aaef-37c27a8c30c6
580165ce-a003-4df4-a35a-b4b555b65114,491853aa-aa72-476d-9ab3-71e75a326d1c
7b0dfb1c-3e4c-44ea-9d9c-1dc9fac6213b,fdd968ff-539d-438d-af12-37c1920058de
2fca99c9-352b-4e87-9ef5-19a9d86e1859,3d0da1eb-8d03-4e29-8d5e-79f4bad2e8f5
218b9233-c690-4583-a45b-00c6fb142277,73bb1b56-5812-4a9b-8536-9d2a9dda5779
d1618521-c9c1-4041-83ae-b19b03aebd81,086c4da5-bd43-404c-bb29-fcf221158e25
fc13b9a9-d10b-4805-acf7-ab43d0564a46,82865d9d-f7d4-495f-bbb2-7205eafffd91
9bdd98b9-d5f9-4c16-88f5-38fb309de52e,583ec6f3-b398-4a4b-888f-0181d220d624
644b666f-33de-444c-8154-d8aab0625c10,621ef1db-1f39-43fc-8848-bb366059bec4
ccc4b619-f525-4ac3-834f-336e9b768c1a,721c6648-52c8-49ec-9dc9-940d2b26ff8f
0fb2bb53-2910-4daa-9f9b-acd932ef2009,4d3fd119-f2fb-4d16-ae75-0e05e650c000
47534a87-793b-469b-ac70-b1971c02793e,2018ba10-19b3-46a2-93a7-8ee2ba865d0e
b0c32876-bdc5-455a-977a-45df37d81755,79820697-745a-4f18-9d65-0b94d4e2bb36
5d12294e-679c-4037-99d2-484a83d57cb5,d9ff48a0-db8e-4022-b1eb-3327d5c6436d
03d2b46a-fc23-44c1-bdb5-8effeba9cf6c,643c212e-2bad-4cdd-9a13-34b10e464dc8
c97e7fb0-0639-4b1e-a695-7dbbe4ebc7b9,241af18c-29ef-493e-a4ff-5a2a7ba29eb3
2efe6aef-d011-40ce-adba-cf5a4badc958,547d6e1d-d96b-478e-94ed-a71afa6668ba
8f74419d-88b3-4df0-a24c-5e355544a8e7,82865d9d-f7d4-495f-bbb2-7205eafffd91
152ac30e-feb4-4dcb-98e8-8bc9acfafd63,f1ceb6a5-04d3-472e-a974-4076006ce163
19d118f5-a6d1-4017-8f93-6ec0c76f24dc,0a0edbd2-6ca5-41a9-b5fe-7338192c4998
a6dd14ff-5afb-4db5-983f-4b5f00afe133,9e768aed-85a8-4c7f-ab17-0c19c1a0ae67
8545d58e-e1c5-4180-9e65-183e998aceb9,e44a66e9-dedb-4d73-aea1-0b9fc85382b5
46345abe-cdfc-430a-a051-239df5d999ee,336b8fda-904c-48d7-8e8e-70a55f9eeae6
0f45c549-5976-497c-ad6d-2bdc16ef35c4,f3018629-9c85-40f3-b53e-ad3ed3ae8220
308fe933-5a99-4502-8df2-4f99aa407027,b3729ea6-f3af-4c4e-8073-cb6294ac27dc
2f1c8d63-0b4b-4f09-8577-8ac733c819e3,fe0003da-289b-40eb-b400-99449965709a
2dffd547-6d7c-47ee-acdb-72b225256d4f,3a108f7a-cc7f-4c4a-a4b9-8a58af9df4e7
79d118d1-cd2d-4e02-9fbe-9c24d5724ab4,a4961c64-b00a-4278-8946-30570a301fe2
4042e37a-b34e-46e0-9903-d7f2fefba562,1f3c38d1-ff6b-4fbe-956f-83638b470269
02f19d02-4b16-4af2-82ce-5d2eb0903bfd,1fa0603d-6f29-45cb-aec9-88673f880d93
3c1c0e2e-ecb4-4ef8-b54d-46ba332edded,3c759638-10c4-45b7-aafe-03bdf6232e5d
79aadebd-d2da-46f2-80df-cab2fb87d63b,d87c687d-b862-4545-8387-5b44eda8d573
7df98a2f-045d-4a8d-8b6b-98c2cdfe36d3,795a4157-b91a-4906-b89b-17f53369f315
941a5b7a-4668-400b-bb30-e7d411169472,c1207e0d-c25f-4bcd-a32d-67e2ca3c704c
2af1b3ff-b587-4881-b0c9-45150c943127,e55edb4c-0c4d-471c-b1d6-ba8dcfff6672
cb283b03-14e6-48e8-b4a7-2c7dfe832bb2,1c3c9856-9d73-484e-955f-83a2fee44652
e6d473c5-ba41-46d8-8e57-c8d1efc0ce2c,479a962b-a296-40eb-b51a-ed7057e63cdd
01203563-4bf0-4796-98d9-5abefc71b766,1878942a-c693-4280-9413-017dfe6cced6
822520bb-85d4-40d2-94a3-0d20e49b2b58,f6c75142-573d-4a5e-bfc6-a8639c645d14
ac9ac0d7-e25f-45c0-a008-6e7d0b1bf62a,ce4877fc-aaf3-42fe-9cd0-73b6ae477d4f
2dcbfff2-986a-4dd1-8942-5024ac00f360,217cde71-ed7a-4f76-aa9c-ae6af74b7996
2849cf27-bbe7-45f3-a641-d2e25de76d6a,b5616ac8-8c6f-4ffa-9dd4-bc942d2ca9d1
5315af4f-85b2-44cd-8eb3-e063fc555d63,2c8d909c-cc38-43f4-abfd-88f57c0b37c4
02ee92d3-0c1e-43c7-92aa-83d50e650c4f,9179f022-bb0a-4048-8822-7a2cdc4e64d7
fca652c6-3a47-4ff5-8a6e-317074b9ce39,abcf7137-72c7-4bbc-807a-606fcfcebbf4
de9b7a38-33b9-4146-9731-d187e1b0132b,7eba631e-d077-414a-b1bb-a7b2c89681ed
67e4ca1a-6ff2-402f-951f-5c8d015d8389,d8724b88-569a-4a2e-8c77-7248d89198e5
a17fb88c-f0cd-463e-9deb-32ea1e095571,1c3c9856-9d73-484e-955f-83a2fee44652
7382a2eb-73d9-4895-8397-392280f7ae34,c699631b-2fee-4526-b555-bcb2783bf0f9
b12fd06f-9ebe-4d14-9a3d-16f6475fdb79,9683c4a6-f355-4471-836b-9e448e46debf
bccdb7a4-2c1c-4b05-85a0-31ca18ca11f9,5999e1b0-c046-431d-9cf3-4541dce190d8
64bdc114-ba3c-4aac-af0b-a46cd478435b,7a2cad9b-f3ec-4436-9fe5-0ef991695937
b8b354ad-f0fc-4da9-970f-97de5129768a,9206b408-d3b2-4b30-b160-8cb0e151b1ae
c5780015-9988-4ae1-ab98-8ede280b88cc,a4cab0fc-a478-46f7-8fd8-7ac6edd331c3
55b403e4-11ea-4d14-848e-ffff03bbf05b,1bdbc5bd-360e-43be-8d89-30f71b4c9dee
60a9680a-6745-4b40-b689-1ceec8be7bd7,3c759638-10c4-45b7-aafe-03bdf6232e5d
b52f6b0c-aa61-4af0-9154-b53f114df035,56849dd3-1f36-4baa-bc02-7f7c611950a2
975725b1-900a-410a-b06c-4597d2be02ab,5182ff57-eec1-4fd4-a955-79a15a287057
beb89127-40fa-435d-b7c0-41c17fa579e6,81ad1359-814e-44cf-aaef-37c27a8c30c6
cca1d952-177e-422a-8b78-c84fc277c695,c473d18f-1500-4fc2-a5c2-fd02b9ab877d
bb85fed8-fd9c-45af-98b2-e57f60c91fb9,19d15113-3410-4563-a37d-89df15bc535d
c4f394c9-5246-4219-9fcd-6e608217dc79,22779bd7-89f0-4000-8727-dd8ff651489a
68c5ef4c-0145-41d8-b672-90c5e6e55998,00f50560-bc87-41cc-bb0b-ca73450d7168
639800d4-2a41-4c49-9cf9-d50d220764e5,84f4e146-a1dd-48ec-b3b2-5bf47293024e
b0d24fd5-4e46-4d01-9585-66720ab63603,18fb81ae-2e86-4ea6-8570-534a60430e8f
da35ed52-66b0-4691-bd67-ff93afb82968,a8c4fe3e-839c-4325-830b-11d8f009abce
14055aae-e45d-4c42-95c5-24766d6ef975,8a2b8f4e-1aec-4ab6-8d64-8ec93a840f29
38563b08-efac-488c-b5cd-589ec23ce699,94aa7cff-8c4a-4834-80d1-57e8412d0584
523bda7c-cf2f-4ac3-a8b5-6869b2dddb3b,ae7347bc-e400-4958-9d5f-f7d79d123bd1
c250da00-81a0-4c2b-b18d-5ee30d8e7df3,2c680c14-47ac-448c-bba9-4a6f04fe614b
0ea8ec76-39f4-4cbd-bb8f-0180fd0f6a21,8d785037-f4a6-4257-8b03-b0ec6f9bddd5
82ac6a34-c624-4112-b959-e968189fe301,57c4fbbd-a8e7-48d4-bcd3-e52bbea9aff3
85808314-e02c-409b-a2c4-5d26b629a4a9,987afb89-5b98-4cb5-bbfe-4e8fdabc4360
1b5b066b-efd6-4411-a35c-55e7a5e42352,e3ddd9b4-e147-42c5-9a1c-da3db4aebcdc
d8099b11-fe3b-462b-ba3e-e9f0c6fe69b6,76fab6ec-2940-411a-98c9-927d620fdadd
91f3796a-7221-4a7c-979c-ca88638e26ab,3d0da1eb-8d03-4e29-8d5e-79f4bad2e8f5
cef5563b-596c-4865-b0f2-fd64b6c885bd,4831b5e4-462c-423e-b809-7fd8fce8e9e2
5fb3beaf-62b8-437c-8ebe-5cb258ab3727,a87fd62b-29cb-4006-8ac0-4a09238e26dd
435292ab-5d1b-4766-aeac-50ca81a1c347,32a5972e-7bb1-49ad-a244-e69f4dd67320
7bdba6dc-2732-464a-8f5e-2f5c75c8e81c,47404729-2dad-4668-b6ff-cf26bb4a6561
40a0b42a-f91b-43fd-b618-3942f26a1a47,5f6af619-5b86-44b1-a318-efe1a183a464
e3e02d8e-179a-4b2d-8860-0e6ebbec627d,a4961c64-b00a-4278-8946-30570a301fe2
d2188892-002f-47af-88d9-5e02bb54fbee,583ec6f3-b398-4a4b-888f-0181d220d624
862fa776-c058-4470-b3a5-11da9d5bdd7f,7b3513b3-e2e7-4423-b1e8-8fd8ef7f6040
715f611e-a01c-48c8-b97d-6938e285d8b3,30874e75-08ae-403d-abe9-a36327036739
c0d76804-c711-4ac5-a1db-2681f3d769ee,561cae1b-83c8-4b65-b25a-ea7a609b0905
a599abe3-8163-41ae-a801-1ef7fd65d63c,bb40ca26-84ca-4196-b8f5-0305db943711
4d4eebec-b223-4e7f-b83b-c356451fa6ae,41872238-ebe4-4a55-ac28-a21db048f232
91fb795f-d2b0-4785-b7d0-7c1da3b6697a,4150468f-9350-43f0-9e58-119725967a61
a2f8be7c-29ba-489b-8845-5f256583beee,01d030a2-a6d9-4ec8-9646-4aad0b617243
6ce9b5ed-cb42-4dd5-bc9a-fb3690c28097,e14d382f-3fa2-4db7-9867-64afc1f4e8cb
dc8badf6-6791-4414-9d6e-913e4fd8c6de,38761531-a6e9-4023-94b0-fc46c13c4163
d20b2038-60d1-4791-ad26-a9d37a2d486d,cce14178-7a68-4eb2-bb28-4ac2f449062b
dece10a9-a056-49db-a15c-57ec65e837a6,1eaa8026-3415-4326-ab7b-9f6a7ca115d7
94644371-2c3f-4404-9145-9746370da8b4,d0a77042-9ffc-4eb6-b884-333df396294d
f341eb7f-e094-4e52-a414-4b217f33293f,bb40ca26-84ca-4196-b8f5-0305db943711
f71e3b8a-848d-481b-9591-6a3b9b5d9c2e,db792fbb-91e7-47ae-a552-6204c36c3c4a
db93fa24-cf6a-441f-b0d6-ea8b7596b9b4,c5a377a0-c472-4779-a049-1aa464570841
c78f9d73-c532-40fc-825a-ef042b326bd2,43125269-c859-4eb9-aec6-3fd6f45d3fcf
d2a086ff-6c53-43ee-91ce-e5f0213b674f,1e7bae85-c520-4506-83cb-94d804efe1f5
76fcd71e-e78f-4d2f-b798-be7237aeaaa4,04431a0c-06bd-468b-a9d2-f4d9d1b8b5bc
54577234-9804-47f6-b0d0-a3cec7086ac5,b662c546-3361-418f-88bc-718d541b14d7
9c84fad7-eb61-48f4-b2e0-95a7c1c1d4ff,f9ba2f8c-ee42-44ed-97de-57cfafacccc4
e1292977-8a98-470e-ae7c-2e53843c6c3d,f3b07703-e62a-4888-99f8-c05e82abc125
8d1e5193-aa8a-45a1-8d38-0742204374ad,4fe968a1-5598-4802-889f-678e92512421
9a199ebd-95c5-4c78-9f3a-54767a7b5442,c532ed0a-ddcb-4852-8d25-c405dd9e709f
6ab6db98-8902-4e2a-9dff-2079ae6f6a52,7c473398-c692-40ac-affe-43999dd9a7b5
c72ccb8a-8116-46ba-8e85-1f52c1614299,f9ec8476-390d-46d7-af31-581da842d868
4db6839e-848c-4c7a-aec8-af63e3621abf,f3b07703-e62a-4888-99f8-c05e82abc125
b72b80e7-9a49-407c-bf12-2b580ad01309,68c877b4-10e7-4331-a875-1998e3402a38
2ee4d3f8-511c-4fb9-b64e-aeab1303489d,339c694b-b36e-46d3-aa25-eaf212a1df7f
923d842a-41f3-4a49-94a6-2cd4a393e8d4,34c5aba9-5d96-4c83-bc14-e305dee2b2dc
b5819f4b-8a55-40da-aa54-4437d470ebcd,e5786889-489b-41ec-8a91-302fcffecab1
021af704-646c-4201-b0bc-a7631877943a,22beabbf-2096-4758-95a3-aba83790c7b6
5b56bc6d-e77b-43e8-bedd-b880c6a1d2da,01d030a2-a6d9-4ec8-9646-4aad0b617243
c56da2bd-7fc5-4ee5-9500-1d40ba96b1f7,c6d19cc7-1fed-4809-bb40-d7624797160b
a9f624ff-3aa5-4c33-8f72-361368f42562,561cae1b-83c8-4b65-b25a-ea7a609b0905
1da243d2-3c40-4635-856b-b69fa84dae1d,7ffb0650-bbfc-4a14-9f64-c4a977f38efb
2ae1c5a7-fff7-44fe-ae4f-fc957ca5d9ce,af64e468-e04a-4adc-83bb-3eb7015e1bf3
5a7a07b6-9cf5-4a80-8aa4-294e852affa9,ec8ad4a9-5c35-4de6-b936-ada9a29e5b4a
da4ceaa3-7de1-4bdf-85e3-190463256eee,c8a60a09-ead8-4699-8dfe-84a6853986ee
c3d8967c-709e-4f44-a3cc-a4f7c0966b26,00f50560-bc87-41cc-bb0b-ca73450d7168
c66e1b13-b8eb-44b3-b81a-382d9f8284ff,5219b9b8-6547-498e-93ce-245b0f2c6051
4a9fad70-5637-43b7-9895-f79c0553a82c,b6ff05fe-5575-421c-8143-a6fe8d084dbf
18e9eebe-2a7b-4a5f-b282-7c2ea5f7336d,6c4d3f76-65d5-4fad-af2c-32bbf3e88d1c
30b90dd5-7bbf-488b-91d5-8ac5222e174c,df2b6f2e-ac39-4018-948e-c8cbeeb46167
e1fab917-d2bf-4e5d-846a-2a46b8e52a27,72549594-7b26-4096-8213-f1b0733b9587
21ff35d1-737e-4559-920e-9248e48d3aef,abe5e43f-46ff-47b5-93a6-6016c2d3ffc9
2f19c080-a513-4312-a8cc-1fd59304ec39,35a410a3-3179-4eb1-9519-80be61af84a0
89c49309-90cb-4d5d-83d9-7e0870ba50d2,c03f395b-a298-4bbf-9273-65d3bfcb7cac
4c1595dd-9785-4e6d-92ce-c2735b65755e,7c473398-c692-40ac-affe-43999dd9a7b5
cc53da7f-3bbe-4c8e-ac04-d1b2daeb1e4a,aa62d223-32f2-45bd-a92f-9e096f489132
e7693093-4109-437c-8b11-588ba33094f2,2e8bfd9e-1279-4a51-80d0-018277875737
af000084-e5c0-485b-9896-511783ae836f,82cba5ed-5227-4850-845e-b25d2cccf2ce
4cf9d65f-0c51-4588-92d2-ea7d535316c0,987afb89-5b98-4cb5-bbfe-4e8fdabc4360
a3782b22-3b4c-4949-9607-349a68064360,a4b2c966-7223-4eb7-aae2-05279fd5858d
cb41f5f0-7960-4722-8fe8-d10e71bfac8c,ea16a97a-dc20-4c94-8828-6b466403047a
d363d235-b158-48d2-8949-f75d32f994ef,a0b98aac-d4dc-4073-9e08-a0ea91fa9377
8865a72a-45f1-41a5-8fcd-c8fdf279060f,03ee267f-5795-4013-824b-4cea72e6517f
957fed32-3684-45fc-b94c-ac16b39802c5,84f4e146-a1dd-48ec-b3b2-5bf47293024e
984eaa95-00da-4beb-8bcb-f8cebb72791d,431994c7-715f-4eaf-8b59-85ded62f453c
ea02b0f0-9333-44c7-859d-e1508ee60660,294cedca-7dd8-43e1-a5cb-892af4eb30af
2404795f-c0df-4449-bcad-568c496f1c41,bd1b828e-27aa-43d7-882a-21d442fb273f
4b1643fd-a03a-4663-b17c-672a2cc1cf06,76ced537-bec7-49c0-848c-89188ca7c9d5
0d5b57f4-c60d-4bf3-b672-2d3d99950f3b,1601dc88-f9ba-4f29-9d79-ec79be8d42c2
06d8e023-c0a1-421b-b4c2-df975c1dfdfc,22779bd7-89f0-4000-8727-dd8ff651489a
07621401-35d0-4ea9-a2d8-38084e9ebab0,113316e5-55ac-4288-83dd-6fe5eb189ad4
12818983-f78e-4e2e-91b5-e4e6e94104fd,f3018629-9c85-40f3-b53e-ad3ed3ae8220
49308765-b69b-4fb3-b60b-0fcf2ac2a351,31083eac-becf-40d1-bb7c-4e953d850ee6
aa2148c2-6813-4da4-8423-bc015d6c0df6,abcf7137-72c7-4bbc-807a-606fcfcebbf4
f360f500-916d-4584-80f1-a92154ea866b,07c1a958-2d62-4327-b563-7512da4c7ce9
03138a40-b941-4eca-b695-5ed26e2e703f,fb05e284-ea71-44e9-a1fd-bcba907aa294
e0a7420f-8a0b-4279-90ed-83201cf10dad,681a1a5f-6342-4084-b061-cff51308e7dc
caa60eac-830d-4d8e-9f47-31c3ceccff70,fb73be9f-829b-46ff-bc3e-a2b97b49c877
aa158093-fe8d-428a-9455-184e1ecc40b9,f9ba2f8c-ee42-44ed-97de-57cfafacccc4
7c357443-524d-4bd6-accc-34a6b4d1a360,a645ae6c-c13d-40fb-b6dc-3ba54d1e096c
d21321f1-3c70-4f7d-bd47-0775ccb7b416,3612a410-8d74-4466-a815-c885e91634d4
7fc30290-74d8-4653-a92d-3960a990a01f,fc9e2800-e495-455d-9b15-04ad3404d365
a5bf9da3-1fdd-4b6c-8d74-7f4c92044f08,f45956ee-cf1d-4368-83a3-e9b0feaaf39e
b8e69573-8612-43ed-8c8b-209ea58640a5,ce45848e-5afc-47e3-86b0-2c05e5492a35
c1d1dec6-0544-4a42-a00e-72a5da49638b,cb6892c7-e42f-4b27-88bd-ce671d2094f3
b09dc8da-5cb3-4834-b0d2-aace88660faa,b70e6288-e0ff-492d-aa2d-a8adae01515f
65f8c1c1-d72b-474f-9408-08708ad76ace,35a410a3-3179-4eb1-9519-80be61af84a0
5420f2a1-9345-4392-97dd-b6c5193a8850,a5f4a1c8-81bf-4eaa-9c45-afd66772938f
671dbffe-fed2-42bb-9e26-428b4eb07b82,04143537-737a-41de-b2e5-8e1500993f90
00252e64-1be4-4c58-9cf4-f180e70ca9d4,b54feba0-3e28-485d-972b-e140ec59805e
a719ce9e-b92d-4bb3-bf9f-30542030c751,3d82473b-0b2d-4c9e-9ef3-7d92e1269430
b911262f-3e2c-4a03-95da-5ae25a8852c3,b3729ea6-f3af-4c4e-8073-cb6294ac27dc
ead40bc5-1f5e-443e-9445-2e6c6bfbc018,817b51ff-7c03-48ee-98dc-2f38412bdba0
9870ae5f-8c7a-4a29-b4d3-28d2fc4553d0,27001ba3-b570-4b59-9a27-eedc45f2fa80
cd6177f3-375a-4e5e-b56f-5758ae274689,143e8535-77af-4920-99ff-4a00f8e64f0a
5ccb169a-08fe-44d0-aaba-d4570c358a8a,71e4abd6-40de-4265-9ad2-c18c355eda97
1f2e3a41-33e7-4e12-8e3e-670b9408d20e,ef3efbc9-a67a-4e40-8440-d5c4126a3129
bd8559ef-18e1-42de-b55e-ca1eadce4d97,e166b6c6-2de9-4626-95c4-ae141511198d
502a25b9-9e62-427b-8674-738c4612bf9f,55530971-e1b2-467f-93f0-a5d9f63baa9c
e262682f-5abd-48f6-8278-063c4e97e0af,34c5aba9-5d96-4c83-bc14-e305dee2b2dc
8cf82f0d-678f-43d1-858a-18cee83f5819,eacdc1b5-6cbb-48aa-8e61-f25ee894b508
69a58b16-2bae-4785-a8d7-9d660831e438,f9ec8476-390d-46d7-af31-581da842d868
18ddee43-07da-40db-8d4c-d4f8650f4a05,1455ba1b-0c47-40a9-b760-f9e6be09ef86
470baf98-e0fe-411e-a5a8-2b6691f86270,599db172-8156-4c9e-975f-0272c1332371
592906da-538e-4ef2-99a6-75f25b8ef66c,5fffd16a-ce7c-4aac-b650-8e130a84b3a3
64d2f750-ab39-4bca-ada5-50986cc8506d,1f422f33-84ce-4b8c-bcf8-d52c0294ac66
8026f89b-8f35-4f9e-bc34-4f390ee9302a,ec8ad4a9-5c35-4de6-b936-ada9a29e5b4a
0f281b8d-46a0-4878-90ae-493bbd07c636,e3a3ac4a-9336-414a-9cbd-98eac9fa2795
f1cf0ea0-7174-4cec-b8ee-ac0479588e6b,38761531-a6e9-4023-94b0-fc46c13c4163
ecbcee57-2422-4cb8-8bff-cb5589f046a1,5182ff57-eec1-4fd4-a955-79a15a287057
4d16f15f-3400-4138-9ab7-ac8a4d1856ce,5f6af619-5b86-44b1-a318-efe1a183a464
5cd7c928-5f81-44bb-a96f-cca5c373bb62,30874e75-08ae-403d-abe9-a36327036739
5330414c-452a-4d2d-905d-8504256baf0d,34c5aba9-5d96-4c83-bc14-e305dee2b2dc
1cc27641-297d-4f93-b809-2462a3c01ff9,30874e75-08ae-403d-abe9-a36327036739
d45880ed-dc45-4877-aec1-75085baf31c2,b913dda3-4e51-4e71-b752-db343d6aedb5
aca43b2f-38d5-4129-a6a1-1fe16fadab15,e44a66e9-dedb-4d73-aea1-0b9fc85382b5
18e21cbf-ed4b-4feb-8eb5-0d353d039972,fa86569f-ca68-4e10-b20d-8067f3d5d49a
ee349f2b-4816-4ff3-a259-bd199dbeca71,9c1c42c8-fdca-4bf5-8f6a-d1e0de0fbcfd
93ab67f4-47e3-4cb2-a962-aad91e644a82,c8a60a09-ead8-4699-8dfe-84a6853986ee
f6e62c83-4a7d-4e84-ba01-097155316efd,3b1add2e-c2d2-483b-b0fe-974028c501c5
bb828a0e-f3cc-43d3-8392-a2db2c1306fe,82ee98c9-4857-4c75-8b18-d88aa9fd9090
c706f028-439b-452c-acf7-c0feb4e05929,ace63044-908f-4997-a620-eae25465d227
15d5bd68-05ff-4cbe-add2-83069082ce04,55b03b5a-3a42-4d78-9577-c30752657258
aab2b938-2e8f-48bc-9f3c-83b8b785603a,06f86fdf-1525-44b5-8699-645d744029a7
f6becf9a-d7f5-495b-9596-59921ee6f51e,5db72f15-9562-4fca-8f0b-8779ce826474
d3b7910b-b55c-437b-a3b2-b43370ea4366,fbd88015-f302-4691-9898-7bae1f6179b1
bd670734-c1aa-448f-9add-47a7a8d6ab6d,72dd59d3-c228-41b4-97bf-c7e6218733fd
dd92773e-9bb9-444d-8ee2-342783ba4137,27aeba4a-2f57-4ae9-979b-dcf6a26bf148
0ce59567-1fde-467b-b902-25a1e2c703e0,1b1f3228-806a-43e2-9374-8973a6f43495
d4e3e762-a5b8-492c-afde-18c336409719,372c8f3f-e757-42a4-8a65-74c40202321b
f6bb6b9d-5470-4c99-8410-c53ea23517de,06a3b16d-428b-4815-abe6-11f825d59da6
92b8a183-51db-4bb9-8a71-255d033eefce,89f4cc98-7582-461d-98ae-07922f040c15
8a2f9866-7cc7-4c60-b8fa-8763399239fe,113316e5-55ac-4288-83dd-6fe5eb189ad4
f6c0ab57-d601-453e-a44c-59217418b886,1601dc88-f9ba-4f29-9d79-ec79be8d42c2
f0f3ce22-d969-4030-9125-46732d84e64d,01d030a2-a6d9-4ec8-9646-4aad0b617243
72834456-e425-4a05-9b11-c7336b3e5132,2a5146f9-c7ab-406f-9e57-8ada4ad3067c
79eee932-a3f9-4e5e-b849-d0fc5c2f62eb,111fbf12-3b45-495b-8540-738944cdd7ea
a5bebfd5-3466-49a8-9797-23a1b8aa051e,e96d7fe4-ddb9-4867-a9ca-738f5338b7df
197f65bd-1888-4241-aa50-e1a075d1c236,31038b3b-bc1d-4204-a6bd-3a7db05e4e7d
11816313-15ec-4f89-920f-875db4be79f7,16074fed-d440-40bc-bf7c-cdedd89c8146
ad0bbeb2-fdac-4fda-b982-ddf058ad68f9,eacdc1b5-6cbb-48aa-8e61-f25ee894b508
90e43fcc-af52-4f15-b3fa-a488a6eacf36,9683c4a6-f355-4471-836b-9e448e46debf
de276a4e-dd80-4625-a2ef-5c55ff398e66,16074fed-d440-40bc-bf7c-cdedd89c8146
e2e6eb48-d6e9-4bce-94b7-63f451be0813,217cde71-ed7a-4f76-aa9c-ae6af74b7996
4707e6e1-fa5a-49e1-b602-2fbcf9bc01bc,82865d9d-f7d4-495f-bbb2-7205eafffd91
1b58ffa5-3fae-40b2-aea0-31a24359b5da,f2ee1a68-54f8-4662-a0df-572a95e2eaa6
6e7f39ca-5e1d-414e-b264-388e7921075a,42007dd2-43b0-4201-a9c6-4e25af650def
9174c21c-7a32-49ce-8beb-2e422e8d1dd3,dbaad27e-63e9-45b5-badc-57029e9e4575
d1a63249-7cd3-44bf-bd11-5f438201e1ec,c1207e0d-c25f-4bcd-a32d-67e2ca3c704c
aa7d9439-beb6-4d65-8d04-6a11f011c19c,5219b9b8-6547-498e-93ce-245b0f2c6051
20b5fc6e-ed5a-43e5-af50-eadc04ac288f,f5cfed44-652e-49a8-9f2e-ec3504d7f75f
16cea012-3c11-4e9a-876b-356f406c7f18,b0d76d7b-384f-456a-ad32-0f28030d5fcc
e0fa4aa8-3289-400e-86bc-26abb91a01df,b07d0b63-2a1c-4902-bc99-98bcb457aacb
97a5b457-c2d5-43f3-b9f0-329f2770d963,0252a51e-784d-413e-bc69-332ef63ab528
6a896641-0c39-42d1-ab55-a9af46dd1484,956b0dd2-7259-4d5e-9a8f-cf36aa4dd14d
002a0d48-925c-47b3-83cd-59d1cf570cd6,a5b66e14-bce6-4625-a7c2-c0c4344ceb39
385b97ca-7649-44a7-ba96-a55dfc6b1cf8,ea16a97a-dc20-4c94-8828-6b466403047a
7affacd5-7b46-4dae-8c07-a384d0dca2ac,f9ec8476-390d-46d7-af31-581da842d868
e6071e3a-b0a5-44af-aa35-cf3048ae0ac1,a89b523e-e59c-414b-881d-a78b6bb3fa44
5ebf7b8a-4578-4b36-b00b-7f0a53b3a500,a0b98aac-d4dc-4073-9e08-a0ea91fa9377
0e46bfe9-0ce0-4c45-8fed-33a053a10830,a645ae6c-c13d-40fb-b6dc-3ba54d1e096c
2c3347af-485d-4cda-83b7-a99bcc1aa425,ea16a97a-dc20-4c94-8828-6b466403047a
57b17322-df77-45bc-9a36-42d51efaa694,0ac98512-1b20-4003-a26c-dd8a0e0acf47
b3b3249a-0ebd-43a6-ab37-3aac600c5e13,a4961c64-b00a-4278-8946-30570a301fe2
270fe1e0-acb8-4dd8-867c-73fa8d786d2d,d62ec6df-daed-489d-95f5-965f12dd01a1
93f102e7-76e3-47bb-96d6-cbf85b54dd49,6f3bc879-73fe-459b-89ca-5babafa7f6f8
0b035917-9e5b-450c-ba38-91446e98fc7e,55b03b5a-3a42-4d78-9577-c30752657258
19837c2e-ff03-4185-acbd-8b95238fca2d,2a9c574f-5c57-462b-b604-a31afb6301b6
e6bc7d28-f705-4c4d-9568-8c4a5a1be60b,bea6ce51-75d0-49d1-9dff-b8cc81cc3416
35896a08-f38b-4ad2-937c-1300cc20f5cc,339c694b-b36e-46d3-aa25-eaf212a1df7f
18ca18d8-4963-4971-acfb-b4dcfe41744b,956b0dd2-7259-4d5e-9a8f-cf36aa4dd14d
a56ca553-096d-4149-bc55-dfa321ec50f1,dcb67c3c-2e28-4798-8325-367e362f4686
2ab07f58-2f4e-45cf-894e-a5885fec6862,5ec5ad93-a657-4450-a8de-c1fd54e27262
dab67631-7cfa-4653-bd90-5a124e344d98,431994c7-715f-4eaf-8b59-85ded62f453c
0c14cb04-614d-4a56-84df-c424eb911152,77436f5e-b1a9-410f-a4fd-112e818ab0ee
3a331d83-cfd3-49be-a1eb-fe880880a961,c8137fe5-5bbc-46b6-817c-680532a6e11b
72a6ada3-1707-4a70-b79c-633afa88e168,dcb67c3c-2e28-4798-8325-367e362f4686
c48623ed-4d87-4048-8af9-71255cf87f6b,ae7ffe7c-e0c8-425a-a5eb-51188186ad37
5975594a-151b-4435-9a60-7ed59e2f7a0a,44380789-e419-4f4f-a0f8-9b179a854148
9b82adc3-dcd1-4a9b-afc0-e6220dab4495,c473d18f-1500-4fc2-a5c2-fd02b9ab877d
4622b4f5-503c-424f-8ac0-0c58847cb8ad,30874e75-08ae-403d-abe9-a36327036739
b4b518e2-4971-471a-af57-b75e3ca35a5a,2c54c49f-c036-49d1-97e9-87e9211c26a8
2d8151a2-7359-4067-8c14-46e315f37564,066af1a8-28ca-457c-baed-45aafb637fdf
92398bf5-278f-4d72-a68f-05fbde0fbabc,1f3c38d1-ff6b-4fbe-956f-83638b470269
b9b0a063-f9bf-4ffc-80a8-88ebae6fa35b,a87fd62b-29cb-4006-8ac0-4a09238e26dd
3dc8e291-f169-4b98-9b8a-68319fbeef8c,f94d9592-72bf-4336-8385-0615aeac74bf
18ddcf74-3f95-4e6d-8961-63fdc1e2a955,86264afb-6b0a-4c23-ade7-de9f6692457b
e22e786c-6328-4ebd-b173-78756fafec81,721c6648-52c8-49ec-9dc9-940d2b26ff8f
9a11d7ad-5587-4d1d-b1d8-257101191bd9,8cdd81ff-fbab-47ef-9088-cdffd3eb38d3
7859badd-7d89-48f1-8098-555f33989fa9,4d3fd119-f2fb-4d16-ae75-0e05e650c000
a2a2c027-089b-4723-88dc-8f04c4262de3,b04ac697-798b-4eaf-819b-5c396e628575
255dd532-37c4-4687-af7c-0eeee62a2e91,0066b12e-945d-4327-a160-f609409f8b0a
7720b8d2-0cc6-4fa1-a246-13d665e482ab,b03d2764-90e4-49d7-a13e-4542d5d97c5b
1e0d3127-8b89-48d2-a810-06da63339216,b03d2764-90e4-49d7-a13e-4542d5d97c5b
6d206be6-5efb-424d-8a70-bccb48cd4f04,1f422f33-84ce-4b8c-bcf8-d52c0294ac66
a579f4bd-c38f-48f9-a232-b46688ea8afc,79212fa5-cc6a-4536-8fdd-392b2426839e
82182d55-f701-4fe5-b41b-198e71623ce2,618fb193-08c2-4402-a953-7935ba1ab744
0f16f7d1-bf9d-42c5-9687-698043f9f17c,fc717c5c-65d6-42a5-8b61-690da3f2f62a
990cb9ab-408f-4d3a-97ca-c45519b91a8a,dcb67c3c-2e28-4798-8325-367e362f4686
